A_epoch_s,A_iso_ny,B_iso_la,B_epoch_ms,id,note
,,,,0,checkpoint
1733012100,2024-11-30T19:15:00-05:00,2024-11-30T16:15:05-08:00,1733012105000,1,
1733013000,2024-11-30T19:30:00-05:00,2024-11-30T16:30:05-08:00,1733013005000,2,
1733013900,2024-11-30T19:45:00-05:00,2024-11-30T16:45:05-08:00,1733013905000,3,
1733014800,2024-11-30T20:00:00-05:00,2024-11-30T17:00:05-08:00,1733014805000,4,
1733015700,2024-11-30T20:15:00-05:00,2024-11-30T17:15:05-08:00,1733015705000,5,
1733016600,2024-11-30T20:30:00-05:00,2024-11-30T17:30:05-08:00,1733016605000,6,
1733017500,2024-11-30T20:45:00-05:00,2024-11-30T17:45:05-08:00,1733017505000,7,
1733018400,2024-11-30T21:00:00-05:00,2024-11-30T18:00:05-08:00,1733018405000,8,
1733019300,2024-11-30T21:15:00-05:00,2024-11-30T18:15:05-08:00,1733019305000,9,
1733020200,2024-11-30T21:30:00-05:00,2024-11-30T18:30:05-08:00,1733020205000,10,
1733021100,2024-11-30T21:45:00-05:00,2024-11-30T18:45:05-08:00,1733021105000,11,
1733022000,2024-11-30T22:00:00-05:00,2024-11-30T19:00:05-08:00,1733022005000,12,
1733022900,2024-11-30T22:15:00-05:00,2024-11-30T19:15:05-08:00,1733022905000,13,
1733023800,2024-11-30T22:30:00-05:00,2024-11-30T19:30:05-08:00,1733023805000,14,
1733024700,2024-11-30T22:45:00-05:00,2024-11-30T19:45:05-08:00,1733024705000,15,
1733025600,2024-11-30T23:00:00-05:00,2024-11-30T20:00:05-08:00,1733025605000,16,
1733026500,2024-11-30T23:15:00-05:00,2024-11-30T20:15:05-08:00,1733026505000,17,
1733027400,2024-11-30T23:30:00-05:00,2024-11-30T20:30:05-08:00,1733027405000,18,
1733028300,2024-11-30T23:45:00-05:00,2024-11-30T20:45:05-08:00,1733028305000,19,
1733029200,2024-12-01T00:00:00-05:00,2024-11-30T21:00:05-08:00,1733029205000,20,
1733030100,2024-12-01T00:15:00-05:00,2024-11-30T21:15:05-08:00,1733030105000,21,
1733031000,2024-12-01T00:30:00-05:00,2024-11-30T21:30:05-08:00,1733031005000,22,
1733031900,2024-12-01T00:45:00-05:00,2024-11-30T21:45:05-08:00,1733031905000,23,
1733032800,2024-12-01T01:00:00-05:00,2024-11-30T22:00:05-08:00,1733032805000,24,
1733033700,2024-12-01T01:15:00-05:00,2024-11-30T22:15:05-08:00,1733033705000,25,
1733034600,2024-12-01T01:30:00-05:00,2024-11-30T22:30:05-08:00,1733034605000,26,
1733035500,2024-12-01T01:45:00-05:00,2024-11-30T22:45:05-08:00,1733035505000,27,
1733036400,2024-12-01T02:00:00-05:00,2024-11-30T23:00:05-08:00,1733036405000,28,
1733037300,2024-12-01T02:15:00-05:00,2024-11-30T23:15:05-08:00,1733037305000,29,
1733038200,2024-12-01T02:30:00-05:00,2024-11-30T23:30:05-08:00,1733038205000,30,
1733039100,2024-12-01T02:45:00-05:00,2024-11-30T23:45:05-08:00,1733039105000,31,
1733040000,2024-12-01T03:00:00-05:00,2024-12-01T00:00:05-08:00,1733040005000,32,
1733040900,2024-12-01T03:15:00-05:00,2024-12-01T00:15:05-08:00,1733040905000,33,
1733041800,2024-12-01T03:30:00-05:00,2024-12-01T00:30:05-08:00,1733041805000,34,
1733042700,2024-12-01T03:45:00-05:00,2024-12-01T00:45:05-08:00,1733042705000,35,
1733043600,2024-12-01T04:00:00-05:00,2024-12-01T01:00:05-08:00,1733043605000,36,
1733044500,2024-12-01T04:15:00-05:00,2024-12-01T01:15:05-08:00,1733044505000,37,
1733045400,2024-12-01T04:30:00-05:00,2024-12-01T01:30:05-08:00,1733045405000,38,
1733046300,2024-12-01T04:45:00-05:00,2024-12-01T01:45:05-08:00,1733046305000,39,
1733047200,2024-12-01T05:00:00-05:00,2024-12-01T02:00:05-08:00,1733047205000,40,
1733048100,2024-12-01T05:15:00-05:00,2024-12-01T02:15:05-08:00,1733048105000,41,
1733049000,2024-12-01T05:30:00-05:00,2024-12-01T02:30:05-08:00,1733049005000,42,
1733049900,2024-12-01T05:45:00-05:00,2024-12-01T02:45:05-08:00,1733049905000,43,
1733050800,2024-12-01T06:00:00-05:00,2024-12-01T03:00:05-08:00,1733050805000,44,
1733051700,2024-12-01T06:15:00-05:00,2024-12-01T03:15:05-08:00,1733051705000,45,
1733052600,2024-12-01T06:30:00-05:00,2024-12-01T03:30:05-08:00,1733052605000,46,
1733053500,2024-12-01T06:45:00-05:00,2024-12-01T03:45:05-08:00,1733053505000,47,
1733054400,2024-12-01T07:00:00-05:00,2024-12-01T04:00:05-08:00,1733054405000,48,
1733055300,2024-12-01T07:15:00-05:00,2024-12-01T04:15:05-08:00,1733055305000,49,
1733056200,2024-12-01T07:30:00-05:00,2024-12-01T04:30:05-08:00,1733056205000,50,
1733057100,2024-12-01T07:45:00-05:00,2024-12-01T04:45:05-08:00,1733057105000,51,
1733058000,2024-12-01T08:00:00-05:00,2024-12-01T05:00:05-08:00,1733058005000,52,
1733058900,2024-12-01T08:15:00-05:00,2024-12-01T05:15:05-08:00,1733058905000,53,
1733059800,2024-12-01T08:30:00-05:00,2024-12-01T05:30:05-08:00,1733059805000,54,
1733060700,2024-12-01T08:45:00-05:00,2024-12-01T05:45:05-08:00,1733060705000,55,
1733061600,2024-12-01T09:00:00-05:00,2024-12-01T06:00:05-08:00,1733061605000,56,
1733062500,2024-12-01T09:15:00-05:00,2024-12-01T06:15:05-08:00,1733062505000,57,
1733063400,2024-12-01T09:30:00-05:00,2024-12-01T06:30:05-08:00,1733063405000,58,
1733064300,2024-12-01T09:45:00-05:00,2024-12-01T06:45:05-08:00,1733064305000,59,
,,,,60,
1733066100,2024-12-01T10:15:00-05:00,2024-12-01T07:15:05-08:00,1733066105000,61,
1733067000,2024-12-01T10:30:00-05:00,2024-12-01T07:30:05-08:00,1733067005000,62,
1733067900,2024-12-01T10:45:00-05:00,2024-12-01T07:45:05-08:00,1733067905000,63,
1733068800,2024-12-01T11:00:00-05:00,2024-12-01T08:00:05-08:00,1733068805000,64,
1733069700,2024-12-01T11:15:00-05:00,2024-12-01T08:15:05-08:00,1733069705000,65,
1733070600,2024-12-01T11:30:00-05:00,2024-12-01T08:30:05-08:00,1733070605000,66,
1733071500,2024-12-01T11:45:00-05:00,2024-12-01T08:45:05-08:00,1733071505000,67,
1733072400,2024-12-01T12:00:00-05:00,2024-12-01T09:00:05-08:00,1733072405000,68,
1733073300,2024-12-01T12:15:00-05:00,2024-12-01T09:15:05-08:00,1733073305000,69,
1733074200,2024-12-01T12:30:00-05:00,2024-12-01T09:30:05-08:00,1733074205000,70,
1733075100,2024-12-01T12:45:00-05:00,2024-12-01T09:45:05-08:00,1733075105000,71,
1733076000,2024-12-01T13:00:00-05:00,2024-12-01T10:00:05-08:00,1733076005000,72,
1733076900,2024-12-01T13:15:00-05:00,2024-12-01T10:15:05-08:00,1733076905000,73,
1733077800,2024-12-01T13:30:00-05:00,2024-12-01T10:30:05-08:00,1733077805000,74,
1733078700,2024-12-01T13:45:00-05:00,2024-12-01T10:45:05-08:00,1733078705000,75,
1733079600,2024-12-01T14:00:00-05:00,2024-12-01T11:00:05-08:00,1733079605000,76,
1733080500,2024-12-01T14:15:00-05:00,2024-12-01T11:15:05-08:00,1733080505000,77,
1733081400,2024-12-01T14:30:00-05:00,2024-12-01T11:30:05-08:00,1733081405000,78,
1733082300,2024-12-01T14:45:00-05:00,2024-12-01T11:45:05-08:00,1733082305000,79,
1733083200,2024-12-01T15:00:00-05:00,2024-12-01T12:00:05-08:00,1733083205000,80,
1733084100,2024-12-01T15:15:00-05:00,2024-12-01T12:15:05-08:00,1733084105000,81,
1733085000,2024-12-01T15:30:00-05:00,2024-12-01T12:30:05-08:00,1733085005000,82,
1733085900,2024-12-01T15:45:00-05:00,2024-12-01T12:45:05-08:00,1733085905000,83,
1733086800,2024-12-01T16:00:00-05:00,2024-12-01T13:00:05-08:00,1733086805000,84,
1733087700,2024-12-01T16:15:00-05:00,2024-12-01T13:15:05-08:00,1733087705000,85,
1733088600,2024-12-01T16:30:00-05:00,2024-12-01T13:30:05-08:00,1733088605000,86,
1733089500,2024-12-01T16:45:00-05:00,2024-12-01T13:45:05-08:00,1733089505000,87,
1733090400,2024-12-01T17:00:00-05:00,2024-12-01T14:00:05-08:00,1733090405000,88,
1733091300,2024-12-01T17:15:00-05:00,2024-12-01T14:15:05-08:00,1733091305000,89,
1733092200,2024-12-01T17:30:00-05:00,2024-12-01T14:30:05-08:00,1733092205000,90,
1733093100,2024-12-01T17:45:00-05:00,2024-12-01T14:45:05-08:00,1733093105000,91,
1733094000,2024-12-01T18:00:00-05:00,2024-12-01T15:00:05-08:00,1733094005000,92,
1733094900,2024-12-01T18:15:00-05:00,2024-12-01T15:15:05-08:00,1733094905000,93,
1733095800,2024-12-01T18:30:00-05:00,2024-12-01T15:30:05-08:00,1733095805000,94,
1733096700,2024-12-01T18:45:00-05:00,2024-12-01T15:45:05-08:00,1733096705000,95,
1733097600,2024-12-01T19:00:00-05:00,2024-12-01T16:00:05-08:00,1733097605000,96,
1733098500,2024-12-01T19:15:00-05:00,2024-12-01T16:15:05-08:00,1733098505000,97,
1733099400,2024-12-01T19:30:00-05:00,2024-12-01T16:30:05-08:00,1733099405000,98,
1733100300,2024-12-01T19:45:00-05:00,2024-12-01T16:45:05-08:00,1733100305000,99,
1733101200,2024-12-01T20:00:00-05:00,2024-12-01T17:00:05-08:00,1733101205000,100,checkpoint
1733102100,2024-12-01T20:15:00-05:00,2024-12-01T17:15:05-08:00,1733102105000,101,
1733103000,2024-12-01T20:30:00-05:00,2024-12-01T17:30:05-08:00,1733103005000,102,
1733103900,2024-12-01T20:45:00-05:00,2024-12-01T17:45:05-08:00,1733103905000,103,
1733104800,2024-12-01T21:00:00-05:00,2024-12-01T18:00:05-08:00,1733104805000,104,
1733105700,2024-12-01T21:15:00-05:00,2024-12-01T18:15:05-08:00,1733105705000,105,
1733106600,2024-12-01T21:30:00-05:00,2024-12-01T18:30:05-08:00,1733106605000,106,
1733107500,2024-12-01T21:45:00-05:00,2024-12-01T18:45:05-08:00,1733107505000,107,
1733108400,2024-12-01T22:00:00-05:00,2024-12-01T19:00:05-08:00,1733108405000,108,
1733109300,2024-12-01T22:15:00-05:00,2024-12-01T19:15:05-08:00,1733109305000,109,
1733110200,2024-12-01T22:30:00-05:00,2024-12-01T19:30:05-08:00,1733110205000,110,
1733111100,2024-12-01T22:45:00-05:00,2024-12-01T19:45:05-08:00,1733111105000,111,
1733112000,2024-12-01T23:00:00-05:00,2024-12-01T20:00:05-08:00,1733112005000,112,
1733112900,2024-12-01T23:15:00-05:00,2024-12-01T20:15:05-08:00,1733112905000,113,
1733113800,2024-12-01T23:30:00-05:00,2024-12-01T20:30:05-08:00,1733113805000,114,
1733114700,2024-12-01T23:45:00-05:00,2024-12-01T20:45:05-08:00,1733114705000,115,
1733115600,2024-12-02T00:00:00-05:00,2024-12-01T21:00:05-08:00,1733115605000,116,
1733116500,2024-12-02T00:15:00-05:00,2024-12-01T21:15:05-08:00,1733116505000,117,
1733117400,2024-12-02T00:30:00-05:00,2024-12-01T21:30:05-08:00,1733117405000,118,
1733118300,2024-12-02T00:45:00-05:00,2024-12-01T21:45:05-08:00,1733118305000,119,
1733119200,2024-12-02T01:00:00-05:00,2024-12-01T22:00:05-08:00,1733119205000,120,
1733120100,2024-12-02T01:15:00-05:00,2024-12-01T22:15:05-08:00,1733120105000,121,
1733121000,2024-12-02T01:30:00-05:00,2024-12-01T22:30:05-08:00,1733121005000,122,
,,,,123,
1733122800,2024-12-02T02:00:00-05:00,2024-12-01T23:00:05-08:00,1733122805000,124,
1733123700,2024-12-02T02:15:00-05:00,2024-12-01T23:15:05-08:00,1733123705000,125,
1733124600,2024-12-02T02:30:00-05:00,2024-12-01T23:30:05-08:00,1733124605000,126,
1733125500,2024-12-02T02:45:00-05:00,2024-12-01T23:45:05-08:00,1733125505000,127,
1733126400,2024-12-02T03:00:00-05:00,2024-12-02T00:00:05-08:00,1733126405000,128,
1733127300,2024-12-02T03:15:00-05:00,2024-12-02T00:15:05-08:00,1733127305000,129,
1733128200,2024-12-02T03:30:00-05:00,2024-12-02T00:30:05-08:00,1733128205000,130,
1733129100,2024-12-02T03:45:00-05:00,2024-12-02T00:45:05-08:00,1733129105000,131,
1733130000,2024-12-02T04:00:00-05:00,2024-12-02T01:00:05-08:00,1733130005000,132,
1733130900,2024-12-02T04:15:00-05:00,2024-12-02T01:15:05-08:00,1733130905000,133,
1733131800,2024-12-02T04:30:00-05:00,2024-12-02T01:30:05-08:00,1733131805000,134,
1733132700,2024-12-02T04:45:00-05:00,2024-12-02T01:45:05-08:00,1733132705000,135,
1733133600,2024-12-02T05:00:00-05:00,2024-12-02T02:00:05-08:00,1733133605000,136,
1733134500,2024-12-02T05:15:00-05:00,2024-12-02T02:15:05-08:00,1733134505000,137,
1733135400,2024-12-02T05:30:00-05:00,2024-12-02T02:30:05-08:00,1733135405000,138,
1733136300,2024-12-02T05:45:00-05:00,2024-12-02T02:45:05-08:00,1733136305000,139,
1733137200,2024-12-02T06:00:00-05:00,2024-12-02T03:00:05-08:00,1733137205000,140,
1733138100,2024-12-02T06:15:00-05:00,2024-12-02T03:15:05-08:00,1733138105000,141,
1733139000,2024-12-02T06:30:00-05:00,2024-12-02T03:30:05-08:00,1733139005000,142,
1733139900,2024-12-02T06:45:00-05:00,2024-12-02T03:45:05-08:00,1733139905000,143,
1733140800,2024-12-02T07:00:00-05:00,2024-12-02T04:00:05-08:00,1733140805000,144,
1733141700,2024-12-02T07:15:00-05:00,2024-12-02T04:15:05-08:00,1733141705000,145,
1733142600,2024-12-02T07:30:00-05:00,2024-12-02T04:30:05-08:00,1733142605000,146,
1733143500,2024-12-02T07:45:00-05:00,2024-12-02T04:45:05-08:00,1733143505000,147,
1733144400,2024-12-02T08:00:00-05:00,2024-12-02T05:00:05-08:00,1733144405000,148,
1733145300,2024-12-02T08:15:00-05:00,2024-12-02T05:15:05-08:00,1733145305000,149,
1733146200,2024-12-02T08:30:00-05:00,2024-12-02T05:30:05-08:00,1733146205000,150,
1733147100,2024-12-02T08:45:00-05:00,2024-12-02T05:45:05-08:00,1733147105000,151,
1733148000,2024-12-02T09:00:00-05:00,2024-12-02T06:00:05-08:00,1733148005000,152,
1733148900,2024-12-02T09:15:00-05:00,2024-12-02T06:15:05-08:00,1733148905000,153,
1733149800,2024-12-02T09:30:00-05:00,2024-12-02T06:30:05-08:00,1733149805000,154,
1733150700,2024-12-02T09:45:00-05:00,2024-12-02T06:45:05-08:00,1733150705000,155,
1733151600,2024-12-02T10:00:00-05:00,2024-12-02T07:00:05-08:00,1733151605000,156,
1733152500,2024-12-02T10:15:00-05:00,2024-12-02T07:15:05-08:00,1733152505000,157,
1733153400,2024-12-02T10:30:00-05:00,2024-12-02T07:30:05-08:00,1733153405000,158,
1733154300,2024-12-02T10:45:00-05:00,2024-12-02T07:45:05-08:00,1733154305000,159,
1733155200,2024-12-02T11:00:00-05:00,2024-12-02T08:00:05-08:00,1733155205000,160,
1733156100,2024-12-02T11:15:00-05:00,2024-12-02T08:15:05-08:00,1733156105000,161,
1733157000,2024-12-02T11:30:00-05:00,2024-12-02T08:30:05-08:00,1733157005000,162,
1733157900,2024-12-02T11:45:00-05:00,2024-12-02T08:45:05-08:00,1733157905000,163,
1733158800,2024-12-02T12:00:00-05:00,2024-12-02T09:00:05-08:00,1733158805000,164,
1733159700,2024-12-02T12:15:00-05:00,2024-12-02T09:15:05-08:00,1733159705000,165,
1733160600,2024-12-02T12:30:00-05:00,2024-12-02T09:30:05-08:00,1733160605000,166,
1733161500,2024-12-02T12:45:00-05:00,2024-12-02T09:45:05-08:00,1733161505000,167,
1733162400,2024-12-02T13:00:00-05:00,2024-12-02T10:00:05-08:00,1733162405000,168,
1733163300,2024-12-02T13:15:00-05:00,2024-12-02T10:15:05-08:00,1733163305000,169,
1733164200,2024-12-02T13:30:00-05:00,2024-12-02T10:30:05-08:00,1733164205000,170,
1733165100,2024-12-02T13:45:00-05:00,2024-12-02T10:45:05-08:00,1733165105000,171,
1733166000,2024-12-02T14:00:00-05:00,2024-12-02T11:00:05-08:00,1733166005000,172,
1733166900,2024-12-02T14:15:00-05:00,2024-12-02T11:15:05-08:00,1733166905000,173,
1733167800,2024-12-02T14:30:00-05:00,2024-12-02T11:30:05-08:00,1733167805000,174,
1733168700,2024-12-02T14:45:00-05:00,2024-12-02T11:45:05-08:00,1733168705000,175,
1733169600,2024-12-02T15:00:00-05:00,2024-12-02T12:00:05-08:00,1733169605000,176,
1733170500,2024-12-02T15:15:00-05:00,2024-12-02T12:15:05-08:00,1733170505000,177,
1733171400,2024-12-02T15:30:00-05:00,2024-12-02T12:30:05-08:00,1733171405000,178,
1733172300,2024-12-02T15:45:00-05:00,2024-12-02T12:45:05-08:00,1733172305000,179,
1733173200,2024-12-02T16:00:00-05:00,2024-12-02T13:00:05-08:00,1733173205000,180,
1733174100,2024-12-02T16:15:00-05:00,2024-12-02T13:15:05-08:00,1733174105000,181,
1733175000,2024-12-02T16:30:00-05:00,2024-12-02T13:30:05-08:00,1733175005000,182,
1733175900,2024-12-02T16:45:00-05:00,2024-12-02T13:45:05-08:00,1733175905000,183,
1733176800,2024-12-02T17:00:00-05:00,2024-12-02T14:00:05-08:00,1733176805000,184,
1733177700,2024-12-02T17:15:00-05:00,2024-12-02T14:15:05-08:00,1733177705000,185,
1733178600,2024-12-02T17:30:00-05:00,2024-12-02T14:30:05-08:00,1733178605000,186,
1733179500,2024-12-02T17:45:00-05:00,2024-12-02T14:45:05-08:00,1733179505000,187,
1733180400,2024-12-02T18:00:00-05:00,2024-12-02T15:00:05-08:00,1733180405000,188,
1733181300,2024-12-02T18:15:00-05:00,2024-12-02T15:15:05-08:00,1733181305000,189,
1733182200,2024-12-02T18:30:00-05:00,2024-12-02T15:30:05-08:00,1733182205000,190,
1733183100,2024-12-02T18:45:00-05:00,2024-12-02T15:45:05-08:00,1733183105000,191,
1733184000,2024-12-02T19:00:00-05:00,2024-12-02T16:00:05-08:00,1733184005000,192,
1733184900,2024-12-02T19:15:00-05:00,2024-12-02T16:15:05-08:00,1733184905000,193,
1733185800,2024-12-02T19:30:00-05:00,2024-12-02T16:30:05-08:00,1733185805000,194,
1733186700,2024-12-02T19:45:00-05:00,2024-12-02T16:45:05-08:00,1733186705000,195,
1733187600,2024-12-02T20:00:00-05:00,2024-12-02T17:00:05-08:00,1733187605000,196,
1733188500,2024-12-02T20:15:00-05:00,2024-12-02T17:15:05-08:00,1733188505000,197,
1733189400,2024-12-02T20:30:00-05:00,2024-12-02T17:30:05-08:00,1733189405000,198,
1733190300,2024-12-02T20:45:00-05:00,2024-12-02T17:45:05-08:00,1733190305000,199,
1733191200,2024-12-02T21:00:00-05:00,2024-12-02T18:00:05-08:00,1733191205000,200,checkpoint
1733192100,2024-12-02T21:15:00-05:00,2024-12-02T18:15:05-08:00,1733192105000,201,
1733193000,2024-12-02T21:30:00-05:00,2024-12-02T18:30:05-08:00,1733193005000,202,
1733193900,2024-12-02T21:45:00-05:00,2024-12-02T18:45:05-08:00,1733193905000,203,
1733194800,2024-12-02T22:00:00-05:00,2024-12-02T19:00:05-08:00,1733194805000,204,
1733195700,2024-12-02T22:15:00-05:00,2024-12-02T19:15:05-08:00,1733195705000,205,
1733196600,2024-12-02T22:30:00-05:00,2024-12-02T19:30:05-08:00,1733196605000,206,
1733197500,2024-12-02T22:45:00-05:00,2024-12-02T19:45:05-08:00,1733197505000,207,
1733198400,2024-12-02T23:00:00-05:00,2024-12-02T20:00:05-08:00,1733198405000,208,
1733199300,2024-12-02T23:15:00-05:00,2024-12-02T20:15:05-08:00,1733199305000,209,
1733200200,2024-12-02T23:30:00-05:00,2024-12-02T20:30:05-08:00,1733200205000,210,
1733201100,2024-12-02T23:45:00-05:00,2024-12-02T20:45:05-08:00,1733201105000,211,
1733202000,2024-12-03T00:00:00-05:00,2024-12-02T21:00:05-08:00,1733202005000,212,
1733202900,2024-12-03T00:15:00-05:00,2024-12-02T21:15:05-08:00,1733202905000,213,
1733203800,2024-12-03T00:30:00-05:00,2024-12-02T21:30:05-08:00,1733203805000,214,
1733204700,2024-12-03T00:45:00-05:00,2024-12-02T21:45:05-08:00,1733204705000,215,
1733205600,2024-12-03T01:00:00-05:00,2024-12-02T22:00:05-08:00,1733205605000,216,
1733206500,2024-12-03T01:15:00-05:00,2024-12-02T22:15:05-08:00,1733206505000,217,
1733207400,2024-12-03T01:30:00-05:00,2024-12-02T22:30:05-08:00,1733207405000,218,
1733208300,2024-12-03T01:45:00-05:00,2024-12-02T22:45:05-08:00,1733208305000,219,
1733209200,2024-12-03T02:00:00-05:00,2024-12-02T23:00:05-08:00,1733209205000,220,
1733210100,2024-12-03T02:15:00-05:00,2024-12-02T23:15:05-08:00,1733210105000,221,
1733211000,2024-12-03T02:30:00-05:00,2024-12-02T23:30:05-08:00,1733211005000,222,
1733211900,2024-12-03T02:45:00-05:00,2024-12-02T23:45:05-08:00,1733211905000,223,
1733212800,2024-12-03T03:00:00-05:00,2024-12-03T00:00:05-08:00,1733212805000,224,
1733213700,2024-12-03T03:15:00-05:00,2024-12-03T00:15:05-08:00,1733213705000,225,
1733214600,2024-12-03T03:30:00-05:00,2024-12-03T00:30:05-08:00,1733214605000,226,
1733215500,2024-12-03T03:45:00-05:00,2024-12-03T00:45:05-08:00,1733215505000,227,
1733216400,2024-12-03T04:00:00-05:00,2024-12-03T01:00:05-08:00,1733216405000,228,
1733217300,2024-12-03T04:15:00-05:00,2024-12-03T01:15:05-08:00,1733217305000,229,
1733218200,2024-12-03T04:30:00-05:00,2024-12-03T01:30:05-08:00,1733218205000,230,
1733219100,2024-12-03T04:45:00-05:00,2024-12-03T01:45:05-08:00,1733219105000,231,
1733220000,2024-12-03T05:00:00-05:00,2024-12-03T02:00:05-08:00,1733220005000,232,
1733220900,2024-12-03T05:15:00-05:00,2024-12-03T02:15:05-08:00,1733220905000,233,
1733221800,2024-12-03T05:30:00-05:00,2024-12-03T02:30:05-08:00,1733221805000,234,
1733222700,2024-12-03T05:45:00-05:00,2024-12-03T02:45:05-08:00,1733222705000,235,
1733223600,2024-12-03T06:00:00-05:00,2024-12-03T03:00:05-08:00,1733223605000,236,
1733224500,2024-12-03T06:15:00-05:00,2024-12-03T03:15:05-08:00,1733224505000,237,
1733225400,2024-12-03T06:30:00-05:00,2024-12-03T03:30:05-08:00,1733225405000,238,
1733226300,2024-12-03T06:45:00-05:00,2024-12-03T03:45:05-08:00,1733226305000,239,
1733227200,2024-12-03T07:00:00-05:00,2024-12-03T04:00:05-08:00,1733227205000,240,
1733228100,2024-12-03T07:15:00-05:00,2024-12-03T04:15:05-08:00,1733228105000,241,
1733229000,2024-12-03T07:30:00-05:00,2024-12-03T04:30:05-08:00,1733229005000,242,
1733229900,2024-12-03T07:45:00-05:00,2024-12-03T04:45:05-08:00,1733229905000,243,
1733230800,2024-12-03T08:00:00-05:00,2024-12-03T05:00:05-08:00,1733230805000,244,
1733231700,2024-12-03T08:15:00-05:00,2024-12-03T05:15:05-08:00,1733231705000,245,
,,,,246,
1733233500,2024-12-03T08:45:00-05:00,2024-12-03T05:45:05-08:00,1733233505000,247,
1733234400,2024-12-03T09:00:00-05:00,2024-12-03T06:00:05-08:00,1733234405000,248,
1733235300,2024-12-03T09:15:00-05:00,2024-12-03T06:15:05-08:00,1733235305000,249,
1733236200,2024-12-03T09:30:00-05:00,2024-12-03T06:30:05-08:00,1733236205000,250,
1733237100,2024-12-03T09:45:00-05:00,2024-12-03T06:45:05-08:00,1733237105000,251,
1733238000,2024-12-03T10:00:00-05:00,2024-12-03T07:00:05-08:00,1733238005000,252,
1733238900,2024-12-03T10:15:00-05:00,2024-12-03T07:15:05-08:00,1733238905000,253,
1733239800,2024-12-03T10:30:00-05:00,2024-12-03T07:30:05-08:00,1733239805000,254,
1733240700,2024-12-03T10:45:00-05:00,2024-12-03T07:45:05-08:00,1733240705000,255,
1733241600,2024-12-03T11:00:00-05:00,2024-12-03T08:00:05-08:00,1733241605000,256,
1733242500,2024-12-03T11:15:00-05:00,2024-12-03T08:15:05-08:00,1733242505000,257,
1733243400,2024-12-03T11:30:00-05:00,2024-12-03T08:30:05-08:00,1733243405000,258,
1733244300,2024-12-03T11:45:00-05:00,2024-12-03T08:45:05-08:00,1733244305000,259,
1733245200,2024-12-03T12:00:00-05:00,2024-12-03T09:00:05-08:00,1733245205000,260,
1733246100,2024-12-03T12:15:00-05:00,2024-12-03T09:15:05-08:00,1733246105000,261,
1733247000,2024-12-03T12:30:00-05:00,2024-12-03T09:30:05-08:00,1733247005000,262,
1733247900,2024-12-03T12:45:00-05:00,2024-12-03T09:45:05-08:00,1733247905000,263,
1733248800,2024-12-03T13:00:00-05:00,2024-12-03T10:00:05-08:00,1733248805000,264,
1733249700,2024-12-03T13:15:00-05:00,2024-12-03T10:15:05-08:00,1733249705000,265,
1733250600,2024-12-03T13:30:00-05:00,2024-12-03T10:30:05-08:00,1733250605000,266,
1733251500,2024-12-03T13:45:00-05:00,2024-12-03T10:45:05-08:00,1733251505000,267,
1733252400,2024-12-03T14:00:00-05:00,2024-12-03T11:00:05-08:00,1733252405000,268,
1733253300,2024-12-03T14:15:00-05:00,2024-12-03T11:15:05-08:00,1733253305000,269,
1733254200,2024-12-03T14:30:00-05:00,2024-12-03T11:30:05-08:00,1733254205000,270,
1733255100,2024-12-03T14:45:00-05:00,2024-12-03T11:45:05-08:00,1733255105000,271,
1733256000,2024-12-03T15:00:00-05:00,2024-12-03T12:00:05-08:00,1733256005000,272,
1733256900,2024-12-03T15:15:00-05:00,2024-12-03T12:15:05-08:00,1733256905000,273,
1733257800,2024-12-03T15:30:00-05:00,2024-12-03T12:30:05-08:00,1733257805000,274,
1733258700,2024-12-03T15:45:00-05:00,2024-12-03T12:45:05-08:00,1733258705000,275,
1733259600,2024-12-03T16:00:00-05:00,2024-12-03T13:00:05-08:00,1733259605000,276,
1733260500,2024-12-03T16:15:00-05:00,2024-12-03T13:15:05-08:00,1733260505000,277,
1733261400,2024-12-03T16:30:00-05:00,2024-12-03T13:30:05-08:00,1733261405000,278,
1733262300,2024-12-03T16:45:00-05:00,2024-12-03T13:45:05-08:00,1733262305000,279,
1733263200,2024-12-03T17:00:00-05:00,2024-12-03T14:00:05-08:00,1733263205000,280,
1733264100,2024-12-03T17:15:00-05:00,2024-12-03T14:15:05-08:00,1733264105000,281,
1733265000,2024-12-03T17:30:00-05:00,2024-12-03T14:30:05-08:00,1733265005000,282,
1733265900,2024-12-03T17:45:00-05:00,2024-12-03T14:45:05-08:00,1733265905000,283,
1733266800,2024-12-03T18:00:00-05:00,2024-12-03T15:00:05-08:00,1733266805000,284,
1733267700,2024-12-03T18:15:00-05:00,2024-12-03T15:15:05-08:00,1733267705000,285,
1733268600,2024-12-03T18:30:00-05:00,2024-12-03T15:30:05-08:00,1733268605000,286,
1733269500,2024-12-03T18:45:00-05:00,2024-12-03T15:45:05-08:00,1733269505000,287,
1733270400,2024-12-03T19:00:00-05:00,2024-12-03T16:00:05-08:00,1733270405000,288,
1733271300,2024-12-03T19:15:00-05:00,2024-12-03T16:15:05-08:00,1733271305000,289,
1733272200,2024-12-03T19:30:00-05:00,2024-12-03T16:30:05-08:00,1733272205000,290,
1733273100,2024-12-03T19:45:00-05:00,2024-12-03T16:45:05-08:00,1733273105000,291,
1733274000,2024-12-03T20:00:00-05:00,2024-12-03T17:00:05-08:00,1733274005000,292,
1733274900,2024-12-03T20:15:00-05:00,2024-12-03T17:15:05-08:00,1733274905000,293,
1733275800,2024-12-03T20:30:00-05:00,2024-12-03T17:30:05-08:00,1733275805000,294,
1733276700,2024-12-03T20:45:00-05:00,2024-12-03T17:45:05-08:00,1733276705000,295,
1733277600,2024-12-03T21:00:00-05:00,2024-12-03T18:00:05-08:00,1733277605000,296,
1733278500,2024-12-03T21:15:00-05:00,2024-12-03T18:15:05-08:00,1733278505000,297,
1733279400,2024-12-03T21:30:00-05:00,2024-12-03T18:30:05-08:00,1733279405000,298,
1733280300,2024-12-03T21:45:00-05:00,2024-12-03T18:45:05-08:00,1733280305000,299,
1733281200,2024-12-03T22:00:00-05:00,2024-12-03T19:00:05-08:00,1733281205000,300,checkpoint
1733282100,2024-12-03T22:15:00-05:00,2024-12-03T19:15:05-08:00,1733282105000,301,
1733283000,2024-12-03T22:30:00-05:00,2024-12-03T19:30:05-08:00,1733283005000,302,
1733283900,2024-12-03T22:45:00-05:00,2024-12-03T19:45:05-08:00,1733283905000,303,
1733284800,2024-12-03T23:00:00-05:00,2024-12-03T20:00:05-08:00,1733284805000,304,
1733285700,2024-12-03T23:15:00-05:00,2024-12-03T20:15:05-08:00,1733285705000,305,
1733286600,2024-12-03T23:30:00-05:00,2024-12-03T20:30:05-08:00,1733286605000,306,
1733287500,2024-12-03T23:45:00-05:00,2024-12-03T20:45:05-08:00,1733287505000,307,
1733288400,2024-12-04T00:00:00-05:00,2024-12-03T21:00:05-08:00,1733288405000,308,
1733289300,2024-12-04T00:15:00-05:00,2024-12-03T21:15:05-08:00,1733289305000,309,
,,,,310,
1733291100,2024-12-04T00:45:00-05:00,2024-12-03T21:45:05-08:00,1733291105000,311,
1733292000,2024-12-04T01:00:00-05:00,2024-12-03T22:00:05-08:00,1733292005000,312,
1733292900,2024-12-04T01:15:00-05:00,2024-12-03T22:15:05-08:00,1733292905000,313,
1733293800,2024-12-04T01:30:00-05:00,2024-12-03T22:30:05-08:00,1733293805000,314,
1733294700,2024-12-04T01:45:00-05:00,2024-12-03T22:45:05-08:00,1733294705000,315,
1733295600,2024-12-04T02:00:00-05:00,2024-12-03T23:00:05-08:00,1733295605000,316,
1733296500,2024-12-04T02:15:00-05:00,2024-12-03T23:15:05-08:00,1733296505000,317,
1733297400,2024-12-04T02:30:00-05:00,2024-12-03T23:30:05-08:00,1733297405000,318,
1733298300,2024-12-04T02:45:00-05:00,2024-12-03T23:45:05-08:00,1733298305000,319,
1733299200,2024-12-04T03:00:00-05:00,2024-12-04T00:00:05-08:00,1733299205000,320,
1733300100,2024-12-04T03:15:00-05:00,2024-12-04T00:15:05-08:00,1733300105000,321,
1733301000,2024-12-04T03:30:00-05:00,2024-12-04T00:30:05-08:00,1733301005000,322,
1733301900,2024-12-04T03:45:00-05:00,2024-12-04T00:45:05-08:00,1733301905000,323,
1733302800,2024-12-04T04:00:00-05:00,2024-12-04T01:00:05-08:00,1733302805000,324,
1733303700,2024-12-04T04:15:00-05:00,2024-12-04T01:15:05-08:00,1733303705000,325,
1733304600,2024-12-04T04:30:00-05:00,2024-12-04T01:30:05-08:00,1733304605000,326,
1733305500,2024-12-04T04:45:00-05:00,2024-12-04T01:45:05-08:00,1733305505000,327,
1733306400,2024-12-04T05:00:00-05:00,2024-12-04T02:00:05-08:00,1733306405000,328,
1733307300,2024-12-04T05:15:00-05:00,2024-12-04T02:15:05-08:00,1733307305000,329,
1733308200,2024-12-04T05:30:00-05:00,2024-12-04T02:30:05-08:00,1733308205000,330,
1733309100,2024-12-04T05:45:00-05:00,2024-12-04T02:45:05-08:00,1733309105000,331,
1733310000,2024-12-04T06:00:00-05:00,2024-12-04T03:00:05-08:00,1733310005000,332,
1733310900,2024-12-04T06:15:00-05:00,2024-12-04T03:15:05-08:00,1733310905000,333,
1733311800,2024-12-04T06:30:00-05:00,2024-12-04T03:30:05-08:00,1733311805000,334,
1733312700,2024-12-04T06:45:00-05:00,2024-12-04T03:45:05-08:00,1733312705000,335,
1733313600,2024-12-04T07:00:00-05:00,2024-12-04T04:00:05-08:00,1733313605000,336,
1733314500,2024-12-04T07:15:00-05:00,2024-12-04T04:15:05-08:00,1733314505000,337,
1733315400,2024-12-04T07:30:00-05:00,2024-12-04T04:30:05-08:00,1733315405000,338,
1733316300,2024-12-04T07:45:00-05:00,2024-12-04T04:45:05-08:00,1733316305000,339,
1733317200,2024-12-04T08:00:00-05:00,2024-12-04T05:00:05-08:00,1733317205000,340,
1733318100,2024-12-04T08:15:00-05:00,2024-12-04T05:15:05-08:00,1733318105000,341,
1733319000,2024-12-04T08:30:00-05:00,2024-12-04T05:30:05-08:00,1733319005000,342,
1733319900,2024-12-04T08:45:00-05:00,2024-12-04T05:45:05-08:00,1733319905000,343,
1733320800,2024-12-04T09:00:00-05:00,2024-12-04T06:00:05-08:00,1733320805000,344,
1733321700,2024-12-04T09:15:00-05:00,2024-12-04T06:15:05-08:00,1733321705000,345,
1733322600,2024-12-04T09:30:00-05:00,2024-12-04T06:30:05-08:00,1733322605000,346,
1733323500,2024-12-04T09:45:00-05:00,2024-12-04T06:45:05-08:00,1733323505000,347,
1733324400,2024-12-04T10:00:00-05:00,2024-12-04T07:00:05-08:00,1733324405000,348,
1733325300,2024-12-04T10:15:00-05:00,2024-12-04T07:15:05-08:00,1733325305000,349,
1733326200,2024-12-04T10:30:00-05:00,2024-12-04T07:30:05-08:00,1733326205000,350,
1733327100,2024-12-04T10:45:00-05:00,2024-12-04T07:45:05-08:00,1733327105000,351,
1733328000,2024-12-04T11:00:00-05:00,2024-12-04T08:00:05-08:00,1733328005000,352,
1733328900,2024-12-04T11:15:00-05:00,2024-12-04T08:15:05-08:00,1733328905000,353,
1733329800,2024-12-04T11:30:00-05:00,2024-12-04T08:30:05-08:00,1733329805000,354,
1733330700,2024-12-04T11:45:00-05:00,2024-12-04T08:45:05-08:00,1733330705000,355,
1733331600,2024-12-04T12:00:00-05:00,2024-12-04T09:00:05-08:00,1733331605000,356,
1733332500,2024-12-04T12:15:00-05:00,2024-12-04T09:15:05-08:00,1733332505000,357,
1733333400,2024-12-04T12:30:00-05:00,2024-12-04T09:30:05-08:00,1733333405000,358,
1733334300,2024-12-04T12:45:00-05:00,2024-12-04T09:45:05-08:00,1733334305000,359,
1733335200,2024-12-04T13:00:00-05:00,2024-12-04T10:00:05-08:00,1733335205000,360,
1733336100,2024-12-04T13:15:00-05:00,2024-12-04T10:15:05-08:00,1733336105000,361,
1733337000,2024-12-04T13:30:00-05:00,2024-12-04T10:30:05-08:00,1733337005000,362,
1733337900,2024-12-04T13:45:00-05:00,2024-12-04T10:45:05-08:00,1733337905000,363,
1733338800,2024-12-04T14:00:00-05:00,2024-12-04T11:00:05-08:00,1733338805000,364,
1733339700,2024-12-04T14:15:00-05:00,2024-12-04T11:15:05-08:00,1733339705000,365,
1733340600,2024-12-04T14:30:00-05:00,2024-12-04T11:30:05-08:00,1733340605000,366,
1733341500,2024-12-04T14:45:00-05:00,2024-12-04T11:45:05-08:00,1733341505000,367,
1733342400,2024-12-04T15:00:00-05:00,2024-12-04T12:00:05-08:00,1733342405000,368,
,,,,369,
1733344200,2024-12-04T15:30:00-05:00,2024-12-04T12:30:05-08:00,1733344205000,370,
1733345100,2024-12-04T15:45:00-05:00,2024-12-04T12:45:05-08:00,1733345105000,371,
1733346000,2024-12-04T16:00:00-05:00,2024-12-04T13:00:05-08:00,1733346005000,372,
1733346900,2024-12-04T16:15:00-05:00,2024-12-04T13:15:05-08:00,1733346905000,373,
1733347800,2024-12-04T16:30:00-05:00,2024-12-04T13:30:05-08:00,1733347805000,374,
1733348700,2024-12-04T16:45:00-05:00,2024-12-04T13:45:05-08:00,1733348705000,375,
1733349600,2024-12-04T17:00:00-05:00,2024-12-04T14:00:05-08:00,1733349605000,376,
1733350500,2024-12-04T17:15:00-05:00,2024-12-04T14:15:05-08:00,1733350505000,377,
1733351400,2024-12-04T17:30:00-05:00,2024-12-04T14:30:05-08:00,1733351405000,378,
1733352300,2024-12-04T17:45:00-05:00,2024-12-04T14:45:05-08:00,1733352305000,379,
1733353200,2024-12-04T18:00:00-05:00,2024-12-04T15:00:05-08:00,1733353205000,380,
1733354100,2024-12-04T18:15:00-05:00,2024-12-04T15:15:05-08:00,1733354105000,381,
1733355000,2024-12-04T18:30:00-05:00,2024-12-04T15:30:05-08:00,1733355005000,382,
1733355900,2024-12-04T18:45:00-05:00,2024-12-04T15:45:05-08:00,1733355905000,383,
1733356800,2024-12-04T19:00:00-05:00,2024-12-04T16:00:05-08:00,1733356805000,384,
1733357700,2024-12-04T19:15:00-05:00,2024-12-04T16:15:05-08:00,1733357705000,385,
1733358600,2024-12-04T19:30:00-05:00,2024-12-04T16:30:05-08:00,1733358605000,386,
1733359500,2024-12-04T19:45:00-05:00,2024-12-04T16:45:05-08:00,1733359505000,387,
1733360400,2024-12-04T20:00:00-05:00,2024-12-04T17:00:05-08:00,1733360405000,388,
1733361300,2024-12-04T20:15:00-05:00,2024-12-04T17:15:05-08:00,1733361305000,389,
1733362200,2024-12-04T20:30:00-05:00,2024-12-04T17:30:05-08:00,1733362205000,390,
1733363100,2024-12-04T20:45:00-05:00,2024-12-04T17:45:05-08:00,1733363105000,391,
1733364000,2024-12-04T21:00:00-05:00,2024-12-04T18:00:05-08:00,1733364005000,392,
1733364900,2024-12-04T21:15:00-05:00,2024-12-04T18:15:05-08:00,1733364905000,393,
1733365800,2024-12-04T21:30:00-05:00,2024-12-04T18:30:05-08:00,1733365805000,394,
1733366700,2024-12-04T21:45:00-05:00,2024-12-04T18:45:05-08:00,1733366705000,395,
1733367600,2024-12-04T22:00:00-05:00,2024-12-04T19:00:05-08:00,1733367605000,396,
1733368500,2024-12-04T22:15:00-05:00,2024-12-04T19:15:05-08:00,1733368505000,397,
1733369400,2024-12-04T22:30:00-05:00,2024-12-04T19:30:05-08:00,1733369405000,398,
1733370300,2024-12-04T22:45:00-05:00,2024-12-04T19:45:05-08:00,1733370305000,399,
1733371200,2024-12-04T23:00:00-05:00,2024-12-04T20:00:05-08:00,1733371205000,400,checkpoint
1733372100,2024-12-04T23:15:00-05:00,2024-12-04T20:15:05-08:00,1733372105000,401,
1733373000,2024-12-04T23:30:00-05:00,2024-12-04T20:30:05-08:00,1733373005000,402,
1733373900,2024-12-04T23:45:00-05:00,2024-12-04T20:45:05-08:00,1733373905000,403,
1733374800,2024-12-05T00:00:00-05:00,2024-12-04T21:00:05-08:00,1733374805000,404,
1733375700,2024-12-05T00:15:00-05:00,2024-12-04T21:15:05-08:00,1733375705000,405,
1733376600,2024-12-05T00:30:00-05:00,2024-12-04T21:30:05-08:00,1733376605000,406,
1733377500,2024-12-05T00:45:00-05:00,2024-12-04T21:45:05-08:00,1733377505000,407,
1733378400,2024-12-05T01:00:00-05:00,2024-12-04T22:00:05-08:00,1733378405000,408,
1733379300,2024-12-05T01:15:00-05:00,2024-12-04T22:15:05-08:00,1733379305000,409,
1733380200,2024-12-05T01:30:00-05:00,2024-12-04T22:30:05-08:00,1733380205000,410,
1733381100,2024-12-05T01:45:00-05:00,2024-12-04T22:45:05-08:00,1733381105000,411,
1733382000,2024-12-05T02:00:00-05:00,2024-12-04T23:00:05-08:00,1733382005000,412,
1733382900,2024-12-05T02:15:00-05:00,2024-12-04T23:15:05-08:00,1733382905000,413,
1733383800,2024-12-05T02:30:00-05:00,2024-12-04T23:30:05-08:00,1733383805000,414,
1733384700,2024-12-05T02:45:00-05:00,2024-12-04T23:45:05-08:00,1733384705000,415,
1733385600,2024-12-05T03:00:00-05:00,2024-12-05T00:00:05-08:00,1733385605000,416,
1733386500,2024-12-05T03:15:00-05:00,2024-12-05T00:15:05-08:00,1733386505000,417,
1733387400,2024-12-05T03:30:00-05:00,2024-12-05T00:30:05-08:00,1733387405000,418,
1733388300,2024-12-05T03:45:00-05:00,2024-12-05T00:45:05-08:00,1733388305000,419,
1733389200,2024-12-05T04:00:00-05:00,2024-12-05T01:00:05-08:00,1733389205000,420,
1733390100,2024-12-05T04:15:00-05:00,2024-12-05T01:15:05-08:00,1733390105000,421,
1733391000,2024-12-05T04:30:00-05:00,2024-12-05T01:30:05-08:00,1733391005000,422,
1733391900,2024-12-05T04:45:00-05:00,2024-12-05T01:45:05-08:00,1733391905000,423,
1733392800,2024-12-05T05:00:00-05:00,2024-12-05T02:00:05-08:00,1733392805000,424,
1733393700,2024-12-05T05:15:00-05:00,2024-12-05T02:15:05-08:00,1733393705000,425,
1733394600,2024-12-05T05:30:00-05:00,2024-12-05T02:30:05-08:00,1733394605000,426,
1733395500,2024-12-05T05:45:00-05:00,2024-12-05T02:45:05-08:00,1733395505000,427,
1733396400,2024-12-05T06:00:00-05:00,2024-12-05T03:00:05-08:00,1733396405000,428,
1733397300,2024-12-05T06:15:00-05:00,2024-12-05T03:15:05-08:00,1733397305000,429,
1733398200,2024-12-05T06:30:00-05:00,2024-12-05T03:30:05-08:00,1733398205000,430,
1733399100,2024-12-05T06:45:00-05:00,2024-12-05T03:45:05-08:00,1733399105000,431,
1733400000,2024-12-05T07:00:00-05:00,2024-12-05T04:00:05-08:00,1733400005000,432,
1733400900,2024-12-05T07:15:00-05:00,2024-12-05T04:15:05-08:00,1733400905000,433,
1733401800,2024-12-05T07:30:00-05:00,2024-12-05T04:30:05-08:00,1733401805000,434,
1733402700,2024-12-05T07:45:00-05:00,2024-12-05T04:45:05-08:00,1733402705000,435,
1733403600,2024-12-05T08:00:00-05:00,2024-12-05T05:00:05-08:00,1733403605000,436,
1733404500,2024-12-05T08:15:00-05:00,2024-12-05T05:15:05-08:00,1733404505000,437,
1733405400,2024-12-05T08:30:00-05:00,2024-12-05T05:30:05-08:00,1733405405000,438,
1733406300,2024-12-05T08:45:00-05:00,2024-12-05T05:45:05-08:00,1733406305000,439,
1733407200,2024-12-05T09:00:00-05:00,2024-12-05T06:00:05-08:00,1733407205000,440,
1733408100,2024-12-05T09:15:00-05:00,2024-12-05T06:15:05-08:00,1733408105000,441,
1733409000,2024-12-05T09:30:00-05:00,2024-12-05T06:30:05-08:00,1733409005000,442,
1733409900,2024-12-05T09:45:00-05:00,2024-12-05T06:45:05-08:00,1733409905000,443,
1733410800,2024-12-05T10:00:00-05:00,2024-12-05T07:00:05-08:00,1733410805000,444,
1733411700,2024-12-05T10:15:00-05:00,2024-12-05T07:15:05-08:00,1733411705000,445,
1733412600,2024-12-05T10:30:00-05:00,2024-12-05T07:30:05-08:00,1733412605000,446,
1733413500,2024-12-05T10:45:00-05:00,2024-12-05T07:45:05-08:00,1733413505000,447,
1733414400,2024-12-05T11:00:00-05:00,2024-12-05T08:00:05-08:00,1733414405000,448,
1733415300,2024-12-05T11:15:00-05:00,2024-12-05T08:15:05-08:00,1733415305000,449,
1733416200,2024-12-05T11:30:00-05:00,2024-12-05T08:30:05-08:00,1733416205000,450,
1733417100,2024-12-05T11:45:00-05:00,2024-12-05T08:45:05-08:00,1733417105000,451,
1733418000,2024-12-05T12:00:00-05:00,2024-12-05T09:00:05-08:00,1733418005000,452,
1733418900,2024-12-05T12:15:00-05:00,2024-12-05T09:15:05-08:00,1733418905000,453,
1733419800,2024-12-05T12:30:00-05:00,2024-12-05T09:30:05-08:00,1733419805000,454,
1733420700,2024-12-05T12:45:00-05:00,2024-12-05T09:45:05-08:00,1733420705000,455,
1733421600,2024-12-05T13:00:00-05:00,2024-12-05T10:00:05-08:00,1733421605000,456,
1733422500,2024-12-05T13:15:00-05:00,2024-12-05T10:15:05-08:00,1733422505000,457,
1733423400,2024-12-05T13:30:00-05:00,2024-12-05T10:30:05-08:00,1733423405000,458,
1733424300,2024-12-05T13:45:00-05:00,2024-12-05T10:45:05-08:00,1733424305000,459,
1733425200,2024-12-05T14:00:00-05:00,2024-12-05T11:00:05-08:00,1733425205000,460,
1733426100,2024-12-05T14:15:00-05:00,2024-12-05T11:15:05-08:00,1733426105000,461,
1733427000,2024-12-05T14:30:00-05:00,2024-12-05T11:30:05-08:00,1733427005000,462,
1733427900,2024-12-05T14:45:00-05:00,2024-12-05T11:45:05-08:00,1733427905000,463,
1733428800,2024-12-05T15:00:00-05:00,2024-12-05T12:00:05-08:00,1733428805000,464,
1733429700,2024-12-05T15:15:00-05:00,2024-12-05T12:15:05-08:00,1733429705000,465,
1733430600,2024-12-05T15:30:00-05:00,2024-12-05T12:30:05-08:00,1733430605000,466,
1733431500,2024-12-05T15:45:00-05:00,2024-12-05T12:45:05-08:00,1733431505000,467,
1733432400,2024-12-05T16:00:00-05:00,2024-12-05T13:00:05-08:00,1733432405000,468,
1733433300,2024-12-05T16:15:00-05:00,2024-12-05T13:15:05-08:00,1733433305000,469,
1733434200,2024-12-05T16:30:00-05:00,2024-12-05T13:30:05-08:00,1733434205000,470,
1733435100,2024-12-05T16:45:00-05:00,2024-12-05T13:45:05-08:00,1733435105000,471,
1733436000,2024-12-05T17:00:00-05:00,2024-12-05T14:00:05-08:00,1733436005000,472,
1733436900,2024-12-05T17:15:00-05:00,2024-12-05T14:15:05-08:00,1733436905000,473,
1733437800,2024-12-05T17:30:00-05:00,2024-12-05T14:30:05-08:00,1733437805000,474,
1733438700,2024-12-05T17:45:00-05:00,2024-12-05T14:45:05-08:00,1733438705000,475,
1733439600,2024-12-05T18:00:00-05:00,2024-12-05T15:00:05-08:00,1733439605000,476,
1733440500,2024-12-05T18:15:00-05:00,2024-12-05T15:15:05-08:00,1733440505000,477,
1733441400,2024-12-05T18:30:00-05:00,2024-12-05T15:30:05-08:00,1733441405000,478,
1733442300,2024-12-05T18:45:00-05:00,2024-12-05T15:45:05-08:00,1733442305000,479,
1733443200,2024-12-05T19:00:00-05:00,2024-12-05T16:00:05-08:00,1733443205000,480,
1733444100,2024-12-05T19:15:00-05:00,2024-12-05T16:15:05-08:00,1733444105000,481,
1733445000,2024-12-05T19:30:00-05:00,2024-12-05T16:30:05-08:00,1733445005000,482,
1733445900,2024-12-05T19:45:00-05:00,2024-12-05T16:45:05-08:00,1733445905000,483,
1733446800,2024-12-05T20:00:00-05:00,2024-12-05T17:00:05-08:00,1733446805000,484,
1733447700,2024-12-05T20:15:00-05:00,2024-12-05T17:15:05-08:00,1733447705000,485,
1733448600,2024-12-05T20:30:00-05:00,2024-12-05T17:30:05-08:00,1733448605000,486,
1733449500,2024-12-05T20:45:00-05:00,2024-12-05T17:45:05-08:00,1733449505000,487,
1733450400,2024-12-05T21:00:00-05:00,2024-12-05T18:00:05-08:00,1733450405000,488,
1733451300,2024-12-05T21:15:00-05:00,2024-12-05T18:15:05-08:00,1733451305000,489,
1733452200,2024-12-05T21:30:00-05:00,2024-12-05T18:30:05-08:00,1733452205000,490,
1733453100,2024-12-05T21:45:00-05:00,2024-12-05T18:45:05-08:00,1733453105000,491,
,,,,492,
1733454900,2024-12-05T22:15:00-05:00,2024-12-05T19:15:05-08:00,1733454905000,493,
1733455800,2024-12-05T22:30:00-05:00,2024-12-05T19:30:05-08:00,1733455805000,494,
1733456700,2024-12-05T22:45:00-05:00,2024-12-05T19:45:05-08:00,1733456705000,495,
1733457600,2024-12-05T23:00:00-05:00,2024-12-05T20:00:05-08:00,1733457605000,496,
1733458500,2024-12-05T23:15:00-05:00,2024-12-05T20:15:05-08:00,1733458505000,497,
1733459400,2024-12-05T23:30:00-05:00,2024-12-05T20:30:05-08:00,1733459405000,498,
1733460300,2024-12-05T23:45:00-05:00,2024-12-05T20:45:05-08:00,1733460305000,499,
1733461200,2024-12-06T00:00:00-05:00,2024-12-05T21:00:05-08:00,1733461205000,500,checkpoint
1733462100,2024-12-06T00:15:00-05:00,2024-12-05T21:15:05-08:00,1733462105000,501,
1733463000,2024-12-06T00:30:00-05:00,2024-12-05T21:30:05-08:00,1733463005000,502,
1733463900,2024-12-06T00:45:00-05:00,2024-12-05T21:45:05-08:00,1733463905000,503,
1733464800,2024-12-06T01:00:00-05:00,2024-12-05T22:00:05-08:00,1733464805000,504,
1733465700,2024-12-06T01:15:00-05:00,2024-12-05T22:15:05-08:00,1733465705000,505,
1733466600,2024-12-06T01:30:00-05:00,2024-12-05T22:30:05-08:00,1733466605000,506,
1733467500,2024-12-06T01:45:00-05:00,2024-12-05T22:45:05-08:00,1733467505000,507,
1733468400,2024-12-06T02:00:00-05:00,2024-12-05T23:00:05-08:00,1733468405000,508,
1733469300,2024-12-06T02:15:00-05:00,2024-12-05T23:15:05-08:00,1733469305000,509,
1733470200,2024-12-06T02:30:00-05:00,2024-12-05T23:30:05-08:00,1733470205000,510,
1733471100,2024-12-06T02:45:00-05:00,2024-12-05T23:45:05-08:00,1733471105000,511,
1733472000,2024-12-06T03:00:00-05:00,2024-12-06T00:00:05-08:00,1733472005000,512,
1733472900,2024-12-06T03:15:00-05:00,2024-12-06T00:15:05-08:00,1733472905000,513,
1733473800,2024-12-06T03:30:00-05:00,2024-12-06T00:30:05-08:00,1733473805000,514,
1733474700,2024-12-06T03:45:00-05:00,2024-12-06T00:45:05-08:00,1733474705000,515,
1733475600,2024-12-06T04:00:00-05:00,2024-12-06T01:00:05-08:00,1733475605000,516,
1733476500,2024-12-06T04:15:00-05:00,2024-12-06T01:15:05-08:00,1733476505000,517,
1733477400,2024-12-06T04:30:00-05:00,2024-12-06T01:30:05-08:00,1733477405000,518,
1733478300,2024-12-06T04:45:00-05:00,2024-12-06T01:45:05-08:00,1733478305000,519,
1733479200,2024-12-06T05:00:00-05:00,2024-12-06T02:00:05-08:00,1733479205000,520,
1733480100,2024-12-06T05:15:00-05:00,2024-12-06T02:15:05-08:00,1733480105000,521,
1733481000,2024-12-06T05:30:00-05:00,2024-12-06T02:30:05-08:00,1733481005000,522,
1733481900,2024-12-06T05:45:00-05:00,2024-12-06T02:45:05-08:00,1733481905000,523,
1733482800,2024-12-06T06:00:00-05:00,2024-12-06T03:00:05-08:00,1733482805000,524,
1733483700,2024-12-06T06:15:00-05:00,2024-12-06T03:15:05-08:00,1733483705000,525,
1733484600,2024-12-06T06:30:00-05:00,2024-12-06T03:30:05-08:00,1733484605000,526,
1733485500,2024-12-06T06:45:00-05:00,2024-12-06T03:45:05-08:00,1733485505000,527,
1733486400,2024-12-06T07:00:00-05:00,2024-12-06T04:00:05-08:00,1733486405000,528,
1733487300,2024-12-06T07:15:00-05:00,2024-12-06T04:15:05-08:00,1733487305000,529,
1733488200,2024-12-06T07:30:00-05:00,2024-12-06T04:30:05-08:00,1733488205000,530,
1733489100,2024-12-06T07:45:00-05:00,2024-12-06T04:45:05-08:00,1733489105000,531,
1733490000,2024-12-06T08:00:00-05:00,2024-12-06T05:00:05-08:00,1733490005000,532,
1733490900,2024-12-06T08:15:00-05:00,2024-12-06T05:15:05-08:00,1733490905000,533,
1733491800,2024-12-06T08:30:00-05:00,2024-12-06T05:30:05-08:00,1733491805000,534,
1733492700,2024-12-06T08:45:00-05:00,2024-12-06T05:45:05-08:00,1733492705000,535,
1733493600,2024-12-06T09:00:00-05:00,2024-12-06T06:00:05-08:00,1733493605000,536,
1733494500,2024-12-06T09:15:00-05:00,2024-12-06T06:15:05-08:00,1733494505000,537,
1733495400,2024-12-06T09:30:00-05:00,2024-12-06T06:30:05-08:00,1733495405000,538,
1733496300,2024-12-06T09:45:00-05:00,2024-12-06T06:45:05-08:00,1733496305000,539,
1733497200,2024-12-06T10:00:00-05:00,2024-12-06T07:00:05-08:00,1733497205000,540,
1733498100,2024-12-06T10:15:00-05:00,2024-12-06T07:15:05-08:00,1733498105000,541,
1733499000,2024-12-06T10:30:00-05:00,2024-12-06T07:30:05-08:00,1733499005000,542,
1733499900,2024-12-06T10:45:00-05:00,2024-12-06T07:45:05-08:00,1733499905000,543,
1733500800,2024-12-06T11:00:00-05:00,2024-12-06T08:00:05-08:00,1733500805000,544,
1733501700,2024-12-06T11:15:00-05:00,2024-12-06T08:15:05-08:00,1733501705000,545,
1733502600,2024-12-06T11:30:00-05:00,2024-12-06T08:30:05-08:00,1733502605000,546,
1733503500,2024-12-06T11:45:00-05:00,2024-12-06T08:45:05-08:00,1733503505000,547,
1733504400,2024-12-06T12:00:00-05:00,2024-12-06T09:00:05-08:00,1733504405000,548,
1733505300,2024-12-06T12:15:00-05:00,2024-12-06T09:15:05-08:00,1733505305000,549,
1733506200,2024-12-06T12:30:00-05:00,2024-12-06T09:30:05-08:00,1733506205000,550,
1733507100,2024-12-06T12:45:00-05:00,2024-12-06T09:45:05-08:00,1733507105000,551,
1733508000,2024-12-06T13:00:00-05:00,2024-12-06T10:00:05-08:00,1733508005000,552,
1733508900,2024-12-06T13:15:00-05:00,2024-12-06T10:15:05-08:00,1733508905000,553,
1733509800,2024-12-06T13:30:00-05:00,2024-12-06T10:30:05-08:00,1733509805000,554,
1733510700,2024-12-06T13:45:00-05:00,2024-12-06T10:45:05-08:00,1733510705000,555,
1733511600,2024-12-06T14:00:00-05:00,2024-12-06T11:00:05-08:00,1733511605000,556,
1733512500,2024-12-06T14:15:00-05:00,2024-12-06T11:15:05-08:00,1733512505000,557,
1733513400,2024-12-06T14:30:00-05:00,2024-12-06T11:30:05-08:00,1733513405000,558,
1733514300,2024-12-06T14:45:00-05:00,2024-12-06T11:45:05-08:00,1733514305000,559,
,,,,560,
1733516100,2024-12-06T15:15:00-05:00,2024-12-06T12:15:05-08:00,1733516105000,561,
1733517000,2024-12-06T15:30:00-05:00,2024-12-06T12:30:05-08:00,1733517005000,562,
1733517900,2024-12-06T15:45:00-05:00,2024-12-06T12:45:05-08:00,1733517905000,563,
1733518800,2024-12-06T16:00:00-05:00,2024-12-06T13:00:05-08:00,1733518805000,564,
1733519700,2024-12-06T16:15:00-05:00,2024-12-06T13:15:05-08:00,1733519705000,565,
1733520600,2024-12-06T16:30:00-05:00,2024-12-06T13:30:05-08:00,1733520605000,566,
1733521500,2024-12-06T16:45:00-05:00,2024-12-06T13:45:05-08:00,1733521505000,567,
1733522400,2024-12-06T17:00:00-05:00,2024-12-06T14:00:05-08:00,1733522405000,568,
1733523300,2024-12-06T17:15:00-05:00,2024-12-06T14:15:05-08:00,1733523305000,569,
1733524200,2024-12-06T17:30:00-05:00,2024-12-06T14:30:05-08:00,1733524205000,570,
1733525100,2024-12-06T17:45:00-05:00,2024-12-06T14:45:05-08:00,1733525105000,571,
1733526000,2024-12-06T18:00:00-05:00,2024-12-06T15:00:05-08:00,1733526005000,572,
1733526900,2024-12-06T18:15:00-05:00,2024-12-06T15:15:05-08:00,1733526905000,573,
1733527800,2024-12-06T18:30:00-05:00,2024-12-06T15:30:05-08:00,1733527805000,574,
1733528700,2024-12-06T18:45:00-05:00,2024-12-06T15:45:05-08:00,1733528705000,575,
1733529600,2024-12-06T19:00:00-05:00,2024-12-06T16:00:05-08:00,1733529605000,576,
1733530500,2024-12-06T19:15:00-05:00,2024-12-06T16:15:05-08:00,1733530505000,577,
1733531400,2024-12-06T19:30:00-05:00,2024-12-06T16:30:05-08:00,1733531405000,578,
1733532300,2024-12-06T19:45:00-05:00,2024-12-06T16:45:05-08:00,1733532305000,579,
1733533200,2024-12-06T20:00:00-05:00,2024-12-06T17:00:05-08:00,1733533205000,580,
1733534100,2024-12-06T20:15:00-05:00,2024-12-06T17:15:05-08:00,1733534105000,581,
1733535000,2024-12-06T20:30:00-05:00,2024-12-06T17:30:05-08:00,1733535005000,582,
1733535900,2024-12-06T20:45:00-05:00,2024-12-06T17:45:05-08:00,1733535905000,583,
1733536800,2024-12-06T21:00:00-05:00,2024-12-06T18:00:05-08:00,1733536805000,584,
1733537700,2024-12-06T21:15:00-05:00,2024-12-06T18:15:05-08:00,1733537705000,585,
1733538600,2024-12-06T21:30:00-05:00,2024-12-06T18:30:05-08:00,1733538605000,586,
1733539500,2024-12-06T21:45:00-05:00,2024-12-06T18:45:05-08:00,1733539505000,587,
1733540400,2024-12-06T22:00:00-05:00,2024-12-06T19:00:05-08:00,1733540405000,588,
1733541300,2024-12-06T22:15:00-05:00,2024-12-06T19:15:05-08:00,1733541305000,589,
1733542200,2024-12-06T22:30:00-05:00,2024-12-06T19:30:05-08:00,1733542205000,590,
1733543100,2024-12-06T22:45:00-05:00,2024-12-06T19:45:05-08:00,1733543105000,591,
1733544000,2024-12-06T23:00:00-05:00,2024-12-06T20:00:05-08:00,1733544005000,592,
1733544900,2024-12-06T23:15:00-05:00,2024-12-06T20:15:05-08:00,1733544905000,593,
1733545800,2024-12-06T23:30:00-05:00,2024-12-06T20:30:05-08:00,1733545805000,594,
1733546700,2024-12-06T23:45:00-05:00,2024-12-06T20:45:05-08:00,1733546705000,595,
1733547600,2024-12-07T00:00:00-05:00,2024-12-06T21:00:05-08:00,1733547605000,596,
1733548500,2024-12-07T00:15:00-05:00,2024-12-06T21:15:05-08:00,1733548505000,597,
1733549400,2024-12-07T00:30:00-05:00,2024-12-06T21:30:05-08:00,1733549405000,598,
1733550300,2024-12-07T00:45:00-05:00,2024-12-06T21:45:05-08:00,1733550305000,599,
1733551200,2024-12-07T01:00:00-05:00,2024-12-06T22:00:05-08:00,1733551205000,600,checkpoint
1733552100,2024-12-07T01:15:00-05:00,2024-12-06T22:15:05-08:00,1733552105000,601,
1733553000,2024-12-07T01:30:00-05:00,2024-12-06T22:30:05-08:00,1733553005000,602,
1733553900,2024-12-07T01:45:00-05:00,2024-12-06T22:45:05-08:00,1733553905000,603,
1733554800,2024-12-07T02:00:00-05:00,2024-12-06T23:00:05-08:00,1733554805000,604,
1733555700,2024-12-07T02:15:00-05:00,2024-12-06T23:15:05-08:00,1733555705000,605,
1733556600,2024-12-07T02:30:00-05:00,2024-12-06T23:30:05-08:00,1733556605000,606,
1733557500,2024-12-07T02:45:00-05:00,2024-12-06T23:45:05-08:00,1733557505000,607,
1733558400,2024-12-07T03:00:00-05:00,2024-12-07T00:00:05-08:00,1733558405000,608,
1733559300,2024-12-07T03:15:00-05:00,2024-12-07T00:15:05-08:00,1733559305000,609,
1733560200,2024-12-07T03:30:00-05:00,2024-12-07T00:30:05-08:00,1733560205000,610,
1733561100,2024-12-07T03:45:00-05:00,2024-12-07T00:45:05-08:00,1733561105000,611,
1733562000,2024-12-07T04:00:00-05:00,2024-12-07T01:00:05-08:00,1733562005000,612,
1733562900,2024-12-07T04:15:00-05:00,2024-12-07T01:15:05-08:00,1733562905000,613,
1733563800,2024-12-07T04:30:00-05:00,2024-12-07T01:30:05-08:00,1733563805000,614,
,,,,615,
1733565600,2024-12-07T05:00:00-05:00,2024-12-07T02:00:05-08:00,1733565605000,616,
1733566500,2024-12-07T05:15:00-05:00,2024-12-07T02:15:05-08:00,1733566505000,617,
1733567400,2024-12-07T05:30:00-05:00,2024-12-07T02:30:05-08:00,1733567405000,618,
1733568300,2024-12-07T05:45:00-05:00,2024-12-07T02:45:05-08:00,1733568305000,619,
1733569200,2024-12-07T06:00:00-05:00,2024-12-07T03:00:05-08:00,1733569205000,620,
1733570100,2024-12-07T06:15:00-05:00,2024-12-07T03:15:05-08:00,1733570105000,621,
1733571000,2024-12-07T06:30:00-05:00,2024-12-07T03:30:05-08:00,1733571005000,622,
1733571900,2024-12-07T06:45:00-05:00,2024-12-07T03:45:05-08:00,1733571905000,623,
1733572800,2024-12-07T07:00:00-05:00,2024-12-07T04:00:05-08:00,1733572805000,624,
1733573700,2024-12-07T07:15:00-05:00,2024-12-07T04:15:05-08:00,1733573705000,625,
1733574600,2024-12-07T07:30:00-05:00,2024-12-07T04:30:05-08:00,1733574605000,626,
1733575500,2024-12-07T07:45:00-05:00,2024-12-07T04:45:05-08:00,1733575505000,627,
1733576400,2024-12-07T08:00:00-05:00,2024-12-07T05:00:05-08:00,1733576405000,628,
1733577300,2024-12-07T08:15:00-05:00,2024-12-07T05:15:05-08:00,1733577305000,629,
1733578200,2024-12-07T08:30:00-05:00,2024-12-07T05:30:05-08:00,1733578205000,630,
1733579100,2024-12-07T08:45:00-05:00,2024-12-07T05:45:05-08:00,1733579105000,631,
1733580000,2024-12-07T09:00:00-05:00,2024-12-07T06:00:05-08:00,1733580005000,632,
1733580900,2024-12-07T09:15:00-05:00,2024-12-07T06:15:05-08:00,1733580905000,633,
1733581800,2024-12-07T09:30:00-05:00,2024-12-07T06:30:05-08:00,1733581805000,634,
1733582700,2024-12-07T09:45:00-05:00,2024-12-07T06:45:05-08:00,1733582705000,635,
1733583600,2024-12-07T10:00:00-05:00,2024-12-07T07:00:05-08:00,1733583605000,636,
1733584500,2024-12-07T10:15:00-05:00,2024-12-07T07:15:05-08:00,1733584505000,637,
1733585400,2024-12-07T10:30:00-05:00,2024-12-07T07:30:05-08:00,1733585405000,638,
1733586300,2024-12-07T10:45:00-05:00,2024-12-07T07:45:05-08:00,1733586305000,639,
1733587200,2024-12-07T11:00:00-05:00,2024-12-07T08:00:05-08:00,1733587205000,640,
1733588100,2024-12-07T11:15:00-05:00,2024-12-07T08:15:05-08:00,1733588105000,641,
1733589000,2024-12-07T11:30:00-05:00,2024-12-07T08:30:05-08:00,1733589005000,642,
1733589900,2024-12-07T11:45:00-05:00,2024-12-07T08:45:05-08:00,1733589905000,643,
1733590800,2024-12-07T12:00:00-05:00,2024-12-07T09:00:05-08:00,1733590805000,644,
1733591700,2024-12-07T12:15:00-05:00,2024-12-07T09:15:05-08:00,1733591705000,645,
1733592600,2024-12-07T12:30:00-05:00,2024-12-07T09:30:05-08:00,1733592605000,646,
1733593500,2024-12-07T12:45:00-05:00,2024-12-07T09:45:05-08:00,1733593505000,647,
1733594400,2024-12-07T13:00:00-05:00,2024-12-07T10:00:05-08:00,1733594405000,648,
1733595300,2024-12-07T13:15:00-05:00,2024-12-07T10:15:05-08:00,1733595305000,649,
1733596200,2024-12-07T13:30:00-05:00,2024-12-07T10:30:05-08:00,1733596205000,650,
1733597100,2024-12-07T13:45:00-05:00,2024-12-07T10:45:05-08:00,1733597105000,651,
1733598000,2024-12-07T14:00:00-05:00,2024-12-07T11:00:05-08:00,1733598005000,652,
1733598900,2024-12-07T14:15:00-05:00,2024-12-07T11:15:05-08:00,1733598905000,653,
1733599800,2024-12-07T14:30:00-05:00,2024-12-07T11:30:05-08:00,1733599805000,654,
1733600700,2024-12-07T14:45:00-05:00,2024-12-07T11:45:05-08:00,1733600705000,655,
1733601600,2024-12-07T15:00:00-05:00,2024-12-07T12:00:05-08:00,1733601605000,656,
1733602500,2024-12-07T15:15:00-05:00,2024-12-07T12:15:05-08:00,1733602505000,657,
1733603400,2024-12-07T15:30:00-05:00,2024-12-07T12:30:05-08:00,1733603405000,658,
1733604300,2024-12-07T15:45:00-05:00,2024-12-07T12:45:05-08:00,1733604305000,659,
1733605200,2024-12-07T16:00:00-05:00,2024-12-07T13:00:05-08:00,1733605205000,660,
1733606100,2024-12-07T16:15:00-05:00,2024-12-07T13:15:05-08:00,1733606105000,661,
1733607000,2024-12-07T16:30:00-05:00,2024-12-07T13:30:05-08:00,1733607005000,662,
1733607900,2024-12-07T16:45:00-05:00,2024-12-07T13:45:05-08:00,1733607905000,663,
1733608800,2024-12-07T17:00:00-05:00,2024-12-07T14:00:05-08:00,1733608805000,664,
1733609700,2024-12-07T17:15:00-05:00,2024-12-07T14:15:05-08:00,1733609705000,665,
1733610600,2024-12-07T17:30:00-05:00,2024-12-07T14:30:05-08:00,1733610605000,666,
1733611500,2024-12-07T17:45:00-05:00,2024-12-07T14:45:05-08:00,1733611505000,667,
1733612400,2024-12-07T18:00:00-05:00,2024-12-07T15:00:05-08:00,1733612405000,668,
1733613300,2024-12-07T18:15:00-05:00,2024-12-07T15:15:05-08:00,1733613305000,669,
1733614200,2024-12-07T18:30:00-05:00,2024-12-07T15:30:05-08:00,1733614205000,670,
1733615100,2024-12-07T18:45:00-05:00,2024-12-07T15:45:05-08:00,1733615105000,671,
1733616000,2024-12-07T19:00:00-05:00,2024-12-07T16:00:05-08:00,1733616005000,672,
1733616900,2024-12-07T19:15:00-05:00,2024-12-07T16:15:05-08:00,1733616905000,673,
1733617800,2024-12-07T19:30:00-05:00,2024-12-07T16:30:05-08:00,1733617805000,674,
1733618700,2024-12-07T19:45:00-05:00,2024-12-07T16:45:05-08:00,1733618705000,675,
1733619600,2024-12-07T20:00:00-05:00,2024-12-07T17:00:05-08:00,1733619605000,676,
1733620500,2024-12-07T20:15:00-05:00,2024-12-07T17:15:05-08:00,1733620505000,677,
1733621400,2024-12-07T20:30:00-05:00,2024-12-07T17:30:05-08:00,1733621405000,678,
1733622300,2024-12-07T20:45:00-05:00,2024-12-07T17:45:05-08:00,1733622305000,679,
1733623200,2024-12-07T21:00:00-05:00,2024-12-07T18:00:05-08:00,1733623205000,680,
1733624100,2024-12-07T21:15:00-05:00,2024-12-07T18:15:05-08:00,1733624105000,681,
1733625000,2024-12-07T21:30:00-05:00,2024-12-07T18:30:05-08:00,1733625005000,682,
1733625900,2024-12-07T21:45:00-05:00,2024-12-07T18:45:05-08:00,1733625905000,683,
1733626800,2024-12-07T22:00:00-05:00,2024-12-07T19:00:05-08:00,1733626805000,684,
1733627700,2024-12-07T22:15:00-05:00,2024-12-07T19:15:05-08:00,1733627705000,685,
1733628600,2024-12-07T22:30:00-05:00,2024-12-07T19:30:05-08:00,1733628605000,686,
1733629500,2024-12-07T22:45:00-05:00,2024-12-07T19:45:05-08:00,1733629505000,687,
1733630400,2024-12-07T23:00:00-05:00,2024-12-07T20:00:05-08:00,1733630405000,688,
1733631300,2024-12-07T23:15:00-05:00,2024-12-07T20:15:05-08:00,1733631305000,689,
1733632200,2024-12-07T23:30:00-05:00,2024-12-07T20:30:05-08:00,1733632205000,690,
1733633100,2024-12-07T23:45:00-05:00,2024-12-07T20:45:05-08:00,1733633105000,691,
1733634000,2024-12-08T00:00:00-05:00,2024-12-07T21:00:05-08:00,1733634005000,692,
1733634900,2024-12-08T00:15:00-05:00,2024-12-07T21:15:05-08:00,1733634905000,693,
1733635800,2024-12-08T00:30:00-05:00,2024-12-07T21:30:05-08:00,1733635805000,694,
1733636700,2024-12-08T00:45:00-05:00,2024-12-07T21:45:05-08:00,1733636705000,695,
1733637600,2024-12-08T01:00:00-05:00,2024-12-07T22:00:05-08:00,1733637605000,696,
1733638500,2024-12-08T01:15:00-05:00,2024-12-07T22:15:05-08:00,1733638505000,697,
1733639400,2024-12-08T01:30:00-05:00,2024-12-07T22:30:05-08:00,1733639405000,698,
1733640300,2024-12-08T01:45:00-05:00,2024-12-07T22:45:05-08:00,1733640305000,699,
1733641200,2024-12-08T02:00:00-05:00,2024-12-07T23:00:05-08:00,1733641205000,700,checkpoint
1733642100,2024-12-08T02:15:00-05:00,2024-12-07T23:15:05-08:00,1733642105000,701,
1733643000,2024-12-08T02:30:00-05:00,2024-12-07T23:30:05-08:00,1733643005000,702,
1733643900,2024-12-08T02:45:00-05:00,2024-12-07T23:45:05-08:00,1733643905000,703,
1733644800,2024-12-08T03:00:00-05:00,2024-12-08T00:00:05-08:00,1733644805000,704,
1733645700,2024-12-08T03:15:00-05:00,2024-12-08T00:15:05-08:00,1733645705000,705,
1733646600,2024-12-08T03:30:00-05:00,2024-12-08T00:30:05-08:00,1733646605000,706,
1733647500,2024-12-08T03:45:00-05:00,2024-12-08T00:45:05-08:00,1733647505000,707,
1733648400,2024-12-08T04:00:00-05:00,2024-12-08T01:00:05-08:00,1733648405000,708,
1733649300,2024-12-08T04:15:00-05:00,2024-12-08T01:15:05-08:00,1733649305000,709,
1733650200,2024-12-08T04:30:00-05:00,2024-12-08T01:30:05-08:00,1733650205000,710,
1733651100,2024-12-08T04:45:00-05:00,2024-12-08T01:45:05-08:00,1733651105000,711,
1733652000,2024-12-08T05:00:00-05:00,2024-12-08T02:00:05-08:00,1733652005000,712,
1733652900,2024-12-08T05:15:00-05:00,2024-12-08T02:15:05-08:00,1733652905000,713,
1733653800,2024-12-08T05:30:00-05:00,2024-12-08T02:30:05-08:00,1733653805000,714,
1733654700,2024-12-08T05:45:00-05:00,2024-12-08T02:45:05-08:00,1733654705000,715,
1733655600,2024-12-08T06:00:00-05:00,2024-12-08T03:00:05-08:00,1733655605000,716,
1733656500,2024-12-08T06:15:00-05:00,2024-12-08T03:15:05-08:00,1733656505000,717,
1733657400,2024-12-08T06:30:00-05:00,2024-12-08T03:30:05-08:00,1733657405000,718,
1733658300,2024-12-08T06:45:00-05:00,2024-12-08T03:45:05-08:00,1733658305000,719,
1733659200,2024-12-08T07:00:00-05:00,2024-12-08T04:00:05-08:00,1733659205000,720,
1733660100,2024-12-08T07:15:00-05:00,2024-12-08T04:15:05-08:00,1733660105000,721,
1733661000,2024-12-08T07:30:00-05:00,2024-12-08T04:30:05-08:00,1733661005000,722,
1733661900,2024-12-08T07:45:00-05:00,2024-12-08T04:45:05-08:00,1733661905000,723,
1733662800,2024-12-08T08:00:00-05:00,2024-12-08T05:00:05-08:00,1733662805000,724,
1733663700,2024-12-08T08:15:00-05:00,2024-12-08T05:15:05-08:00,1733663705000,725,
1733664600,2024-12-08T08:30:00-05:00,2024-12-08T05:30:05-08:00,1733664605000,726,
1733665500,2024-12-08T08:45:00-05:00,2024-12-08T05:45:05-08:00,1733665505000,727,
1733666400,2024-12-08T09:00:00-05:00,2024-12-08T06:00:05-08:00,1733666405000,728,
1733667300,2024-12-08T09:15:00-05:00,2024-12-08T06:15:05-08:00,1733667305000,729,
1733668200,2024-12-08T09:30:00-05:00,2024-12-08T06:30:05-08:00,1733668205000,730,
1733669100,2024-12-08T09:45:00-05:00,2024-12-08T06:45:05-08:00,1733669105000,731,
1733670000,2024-12-08T10:00:00-05:00,2024-12-08T07:00:05-08:00,1733670005000,732,
1733670900,2024-12-08T10:15:00-05:00,2024-12-08T07:15:05-08:00,1733670905000,733,
1733671800,2024-12-08T10:30:00-05:00,2024-12-08T07:30:05-08:00,1733671805000,734,
1733672700,2024-12-08T10:45:00-05:00,2024-12-08T07:45:05-08:00,1733672705000,735,
1733673600,2024-12-08T11:00:00-05:00,2024-12-08T08:00:05-08:00,1733673605000,736,
1733674500,2024-12-08T11:15:00-05:00,2024-12-08T08:15:05-08:00,1733674505000,737,
,,,,738,
1733676300,2024-12-08T11:45:00-05:00,2024-12-08T08:45:05-08:00,1733676305000,739,
1733677200,2024-12-08T12:00:00-05:00,2024-12-08T09:00:05-08:00,1733677205000,740,
1733678100,2024-12-08T12:15:00-05:00,2024-12-08T09:15:05-08:00,1733678105000,741,
1733679000,2024-12-08T12:30:00-05:00,2024-12-08T09:30:05-08:00,1733679005000,742,
1733679900,2024-12-08T12:45:00-05:00,2024-12-08T09:45:05-08:00,1733679905000,743,
1733680800,2024-12-08T13:00:00-05:00,2024-12-08T10:00:05-08:00,1733680805000,744,
1733681700,2024-12-08T13:15:00-05:00,2024-12-08T10:15:05-08:00,1733681705000,745,
1733682600,2024-12-08T13:30:00-05:00,2024-12-08T10:30:05-08:00,1733682605000,746,
1733683500,2024-12-08T13:45:00-05:00,2024-12-08T10:45:05-08:00,1733683505000,747,
1733684400,2024-12-08T14:00:00-05:00,2024-12-08T11:00:05-08:00,1733684405000,748,
1733685300,2024-12-08T14:15:00-05:00,2024-12-08T11:15:05-08:00,1733685305000,749,
1733686200,2024-12-08T14:30:00-05:00,2024-12-08T11:30:05-08:00,1733686205000,750,
1733687100,2024-12-08T14:45:00-05:00,2024-12-08T11:45:05-08:00,1733687105000,751,
1733688000,2024-12-08T15:00:00-05:00,2024-12-08T12:00:05-08:00,1733688005000,752,
1733688900,2024-12-08T15:15:00-05:00,2024-12-08T12:15:05-08:00,1733688905000,753,
1733689800,2024-12-08T15:30:00-05:00,2024-12-08T12:30:05-08:00,1733689805000,754,
1733690700,2024-12-08T15:45:00-05:00,2024-12-08T12:45:05-08:00,1733690705000,755,
1733691600,2024-12-08T16:00:00-05:00,2024-12-08T13:00:05-08:00,1733691605000,756,
1733692500,2024-12-08T16:15:00-05:00,2024-12-08T13:15:05-08:00,1733692505000,757,
1733693400,2024-12-08T16:30:00-05:00,2024-12-08T13:30:05-08:00,1733693405000,758,
1733694300,2024-12-08T16:45:00-05:00,2024-12-08T13:45:05-08:00,1733694305000,759,
1733695200,2024-12-08T17:00:00-05:00,2024-12-08T14:00:05-08:00,1733695205000,760,
1733696100,2024-12-08T17:15:00-05:00,2024-12-08T14:15:05-08:00,1733696105000,761,
1733697000,2024-12-08T17:30:00-05:00,2024-12-08T14:30:05-08:00,1733697005000,762,
1733697900,2024-12-08T17:45:00-05:00,2024-12-08T14:45:05-08:00,1733697905000,763,
1733698800,2024-12-08T18:00:00-05:00,2024-12-08T15:00:05-08:00,1733698805000,764,
1733699700,2024-12-08T18:15:00-05:00,2024-12-08T15:15:05-08:00,1733699705000,765,
1733700600,2024-12-08T18:30:00-05:00,2024-12-08T15:30:05-08:00,1733700605000,766,
1733701500,2024-12-08T18:45:00-05:00,2024-12-08T15:45:05-08:00,1733701505000,767,
1733702400,2024-12-08T19:00:00-05:00,2024-12-08T16:00:05-08:00,1733702405000,768,
1733703300,2024-12-08T19:15:00-05:00,2024-12-08T16:15:05-08:00,1733703305000,769,
1733704200,2024-12-08T19:30:00-05:00,2024-12-08T16:30:05-08:00,1733704205000,770,
1733705100,2024-12-08T19:45:00-05:00,2024-12-08T16:45:05-08:00,1733705105000,771,
1733706000,2024-12-08T20:00:00-05:00,2024-12-08T17:00:05-08:00,1733706005000,772,
1733706900,2024-12-08T20:15:00-05:00,2024-12-08T17:15:05-08:00,1733706905000,773,
1733707800,2024-12-08T20:30:00-05:00,2024-12-08T17:30:05-08:00,1733707805000,774,
1733708700,2024-12-08T20:45:00-05:00,2024-12-08T17:45:05-08:00,1733708705000,775,
1733709600,2024-12-08T21:00:00-05:00,2024-12-08T18:00:05-08:00,1733709605000,776,
1733710500,2024-12-08T21:15:00-05:00,2024-12-08T18:15:05-08:00,1733710505000,777,
1733711400,2024-12-08T21:30:00-05:00,2024-12-08T18:30:05-08:00,1733711405000,778,
1733712300,2024-12-08T21:45:00-05:00,2024-12-08T18:45:05-08:00,1733712305000,779,
1733713200,2024-12-08T22:00:00-05:00,2024-12-08T19:00:05-08:00,1733713205000,780,
1733714100,2024-12-08T22:15:00-05:00,2024-12-08T19:15:05-08:00,1733714105000,781,
1733715000,2024-12-08T22:30:00-05:00,2024-12-08T19:30:05-08:00,1733715005000,782,
1733715900,2024-12-08T22:45:00-05:00,2024-12-08T19:45:05-08:00,1733715905000,783,
1733716800,2024-12-08T23:00:00-05:00,2024-12-08T20:00:05-08:00,1733716805000,784,
1733717700,2024-12-08T23:15:00-05:00,2024-12-08T20:15:05-08:00,1733717705000,785,
1733718600,2024-12-08T23:30:00-05:00,2024-12-08T20:30:05-08:00,1733718605000,786,
1733719500,2024-12-08T23:45:00-05:00,2024-12-08T20:45:05-08:00,1733719505000,787,
1733720400,2024-12-09T00:00:00-05:00,2024-12-08T21:00:05-08:00,1733720405000,788,
1733721300,2024-12-09T00:15:00-05:00,2024-12-08T21:15:05-08:00,1733721305000,789,
1733722200,2024-12-09T00:30:00-05:00,2024-12-08T21:30:05-08:00,1733722205000,790,
1733723100,2024-12-09T00:45:00-05:00,2024-12-08T21:45:05-08:00,1733723105000,791,
1733724000,2024-12-09T01:00:00-05:00,2024-12-08T22:00:05-08:00,1733724005000,792,
1733724900,2024-12-09T01:15:00-05:00,2024-12-08T22:15:05-08:00,1733724905000,793,
1733725800,2024-12-09T01:30:00-05:00,2024-12-08T22:30:05-08:00,1733725805000,794,
1733726700,2024-12-09T01:45:00-05:00,2024-12-08T22:45:05-08:00,1733726705000,795,
1733727600,2024-12-09T02:00:00-05:00,2024-12-08T23:00:05-08:00,1733727605000,796,
1733728500,2024-12-09T02:15:00-05:00,2024-12-08T23:15:05-08:00,1733728505000,797,
1733729400,2024-12-09T02:30:00-05:00,2024-12-08T23:30:05-08:00,1733729405000,798,
1733730300,2024-12-09T02:45:00-05:00,2024-12-08T23:45:05-08:00,1733730305000,799,
1733731200,2024-12-09T03:00:00-05:00,2024-12-09T00:00:05-08:00,1733731205000,800,checkpoint
1733732100,2024-12-09T03:15:00-05:00,2024-12-09T00:15:05-08:00,1733732105000,801,
1733733000,2024-12-09T03:30:00-05:00,2024-12-09T00:30:05-08:00,1733733005000,802,
1733733900,2024-12-09T03:45:00-05:00,2024-12-09T00:45:05-08:00,1733733905000,803,
1733734800,2024-12-09T04:00:00-05:00,2024-12-09T01:00:05-08:00,1733734805000,804,
1733735700,2024-12-09T04:15:00-05:00,2024-12-09T01:15:05-08:00,1733735705000,805,
1733736600,2024-12-09T04:30:00-05:00,2024-12-09T01:30:05-08:00,1733736605000,806,
1733737500,2024-12-09T04:45:00-05:00,2024-12-09T01:45:05-08:00,1733737505000,807,
1733738400,2024-12-09T05:00:00-05:00,2024-12-09T02:00:05-08:00,1733738405000,808,
1733739300,2024-12-09T05:15:00-05:00,2024-12-09T02:15:05-08:00,1733739305000,809,
,,,,810,
1733741100,2024-12-09T05:45:00-05:00,2024-12-09T02:45:05-08:00,1733741105000,811,
1733742000,2024-12-09T06:00:00-05:00,2024-12-09T03:00:05-08:00,1733742005000,812,
1733742900,2024-12-09T06:15:00-05:00,2024-12-09T03:15:05-08:00,1733742905000,813,
1733743800,2024-12-09T06:30:00-05:00,2024-12-09T03:30:05-08:00,1733743805000,814,
1733744700,2024-12-09T06:45:00-05:00,2024-12-09T03:45:05-08:00,1733744705000,815,
1733745600,2024-12-09T07:00:00-05:00,2024-12-09T04:00:05-08:00,1733745605000,816,
1733746500,2024-12-09T07:15:00-05:00,2024-12-09T04:15:05-08:00,1733746505000,817,
1733747400,2024-12-09T07:30:00-05:00,2024-12-09T04:30:05-08:00,1733747405000,818,
1733748300,2024-12-09T07:45:00-05:00,2024-12-09T04:45:05-08:00,1733748305000,819,
1733749200,2024-12-09T08:00:00-05:00,2024-12-09T05:00:05-08:00,1733749205000,820,
1733750100,2024-12-09T08:15:00-05:00,2024-12-09T05:15:05-08:00,1733750105000,821,
1733751000,2024-12-09T08:30:00-05:00,2024-12-09T05:30:05-08:00,1733751005000,822,
1733751900,2024-12-09T08:45:00-05:00,2024-12-09T05:45:05-08:00,1733751905000,823,
1733752800,2024-12-09T09:00:00-05:00,2024-12-09T06:00:05-08:00,1733752805000,824,
1733753700,2024-12-09T09:15:00-05:00,2024-12-09T06:15:05-08:00,1733753705000,825,
1733754600,2024-12-09T09:30:00-05:00,2024-12-09T06:30:05-08:00,1733754605000,826,
1733755500,2024-12-09T09:45:00-05:00,2024-12-09T06:45:05-08:00,1733755505000,827,
1733756400,2024-12-09T10:00:00-05:00,2024-12-09T07:00:05-08:00,1733756405000,828,
1733757300,2024-12-09T10:15:00-05:00,2024-12-09T07:15:05-08:00,1733757305000,829,
1733758200,2024-12-09T10:30:00-05:00,2024-12-09T07:30:05-08:00,1733758205000,830,
1733759100,2024-12-09T10:45:00-05:00,2024-12-09T07:45:05-08:00,1733759105000,831,
1733760000,2024-12-09T11:00:00-05:00,2024-12-09T08:00:05-08:00,1733760005000,832,
1733760900,2024-12-09T11:15:00-05:00,2024-12-09T08:15:05-08:00,1733760905000,833,
1733761800,2024-12-09T11:30:00-05:00,2024-12-09T08:30:05-08:00,1733761805000,834,
1733762700,2024-12-09T11:45:00-05:00,2024-12-09T08:45:05-08:00,1733762705000,835,
1733763600,2024-12-09T12:00:00-05:00,2024-12-09T09:00:05-08:00,1733763605000,836,
1733764500,2024-12-09T12:15:00-05:00,2024-12-09T09:15:05-08:00,1733764505000,837,
1733765400,2024-12-09T12:30:00-05:00,2024-12-09T09:30:05-08:00,1733765405000,838,
1733766300,2024-12-09T12:45:00-05:00,2024-12-09T09:45:05-08:00,1733766305000,839,
1733767200,2024-12-09T13:00:00-05:00,2024-12-09T10:00:05-08:00,1733767205000,840,
1733768100,2024-12-09T13:15:00-05:00,2024-12-09T10:15:05-08:00,1733768105000,841,
1733769000,2024-12-09T13:30:00-05:00,2024-12-09T10:30:05-08:00,1733769005000,842,
1733769900,2024-12-09T13:45:00-05:00,2024-12-09T10:45:05-08:00,1733769905000,843,
1733770800,2024-12-09T14:00:00-05:00,2024-12-09T11:00:05-08:00,1733770805000,844,
1733771700,2024-12-09T14:15:00-05:00,2024-12-09T11:15:05-08:00,1733771705000,845,
1733772600,2024-12-09T14:30:00-05:00,2024-12-09T11:30:05-08:00,1733772605000,846,
1733773500,2024-12-09T14:45:00-05:00,2024-12-09T11:45:05-08:00,1733773505000,847,
1733774400,2024-12-09T15:00:00-05:00,2024-12-09T12:00:05-08:00,1733774405000,848,
1733775300,2024-12-09T15:15:00-05:00,2024-12-09T12:15:05-08:00,1733775305000,849,
1733776200,2024-12-09T15:30:00-05:00,2024-12-09T12:30:05-08:00,1733776205000,850,
1733777100,2024-12-09T15:45:00-05:00,2024-12-09T12:45:05-08:00,1733777105000,851,
1733778000,2024-12-09T16:00:00-05:00,2024-12-09T13:00:05-08:00,1733778005000,852,
1733778900,2024-12-09T16:15:00-05:00,2024-12-09T13:15:05-08:00,1733778905000,853,
1733779800,2024-12-09T16:30:00-05:00,2024-12-09T13:30:05-08:00,1733779805000,854,
1733780700,2024-12-09T16:45:00-05:00,2024-12-09T13:45:05-08:00,1733780705000,855,
1733781600,2024-12-09T17:00:00-05:00,2024-12-09T14:00:05-08:00,1733781605000,856,
1733782500,2024-12-09T17:15:00-05:00,2024-12-09T14:15:05-08:00,1733782505000,857,
1733783400,2024-12-09T17:30:00-05:00,2024-12-09T14:30:05-08:00,1733783405000,858,
1733784300,2024-12-09T17:45:00-05:00,2024-12-09T14:45:05-08:00,1733784305000,859,
1733785200,2024-12-09T18:00:00-05:00,2024-12-09T15:00:05-08:00,1733785205000,860,
,,,,861,
1733787000,2024-12-09T18:30:00-05:00,2024-12-09T15:30:05-08:00,1733787005000,862,
1733787900,2024-12-09T18:45:00-05:00,2024-12-09T15:45:05-08:00,1733787905000,863,
1733788800,2024-12-09T19:00:00-05:00,2024-12-09T16:00:05-08:00,1733788805000,864,
1733789700,2024-12-09T19:15:00-05:00,2024-12-09T16:15:05-08:00,1733789705000,865,
1733790600,2024-12-09T19:30:00-05:00,2024-12-09T16:30:05-08:00,1733790605000,866,
1733791500,2024-12-09T19:45:00-05:00,2024-12-09T16:45:05-08:00,1733791505000,867,
1733792400,2024-12-09T20:00:00-05:00,2024-12-09T17:00:05-08:00,1733792405000,868,
1733793300,2024-12-09T20:15:00-05:00,2024-12-09T17:15:05-08:00,1733793305000,869,
1733794200,2024-12-09T20:30:00-05:00,2024-12-09T17:30:05-08:00,1733794205000,870,
1733795100,2024-12-09T20:45:00-05:00,2024-12-09T17:45:05-08:00,1733795105000,871,
1733796000,2024-12-09T21:00:00-05:00,2024-12-09T18:00:05-08:00,1733796005000,872,
1733796900,2024-12-09T21:15:00-05:00,2024-12-09T18:15:05-08:00,1733796905000,873,
1733797800,2024-12-09T21:30:00-05:00,2024-12-09T18:30:05-08:00,1733797805000,874,
1733798700,2024-12-09T21:45:00-05:00,2024-12-09T18:45:05-08:00,1733798705000,875,
1733799600,2024-12-09T22:00:00-05:00,2024-12-09T19:00:05-08:00,1733799605000,876,
1733800500,2024-12-09T22:15:00-05:00,2024-12-09T19:15:05-08:00,1733800505000,877,
1733801400,2024-12-09T22:30:00-05:00,2024-12-09T19:30:05-08:00,1733801405000,878,
1733802300,2024-12-09T22:45:00-05:00,2024-12-09T19:45:05-08:00,1733802305000,879,
1733803200,2024-12-09T23:00:00-05:00,2024-12-09T20:00:05-08:00,1733803205000,880,
1733804100,2024-12-09T23:15:00-05:00,2024-12-09T20:15:05-08:00,1733804105000,881,
1733805000,2024-12-09T23:30:00-05:00,2024-12-09T20:30:05-08:00,1733805005000,882,
1733805900,2024-12-09T23:45:00-05:00,2024-12-09T20:45:05-08:00,1733805905000,883,
1733806800,2024-12-10T00:00:00-05:00,2024-12-09T21:00:05-08:00,1733806805000,884,
1733807700,2024-12-10T00:15:00-05:00,2024-12-09T21:15:05-08:00,1733807705000,885,
1733808600,2024-12-10T00:30:00-05:00,2024-12-09T21:30:05-08:00,1733808605000,886,
1733809500,2024-12-10T00:45:00-05:00,2024-12-09T21:45:05-08:00,1733809505000,887,
1733810400,2024-12-10T01:00:00-05:00,2024-12-09T22:00:05-08:00,1733810405000,888,
1733811300,2024-12-10T01:15:00-05:00,2024-12-09T22:15:05-08:00,1733811305000,889,
1733812200,2024-12-10T01:30:00-05:00,2024-12-09T22:30:05-08:00,1733812205000,890,
1733813100,2024-12-10T01:45:00-05:00,2024-12-09T22:45:05-08:00,1733813105000,891,
1733814000,2024-12-10T02:00:00-05:00,2024-12-09T23:00:05-08:00,1733814005000,892,
1733814900,2024-12-10T02:15:00-05:00,2024-12-09T23:15:05-08:00,1733814905000,893,
1733815800,2024-12-10T02:30:00-05:00,2024-12-09T23:30:05-08:00,1733815805000,894,
1733816700,2024-12-10T02:45:00-05:00,2024-12-09T23:45:05-08:00,1733816705000,895,
1733817600,2024-12-10T03:00:00-05:00,2024-12-10T00:00:05-08:00,1733817605000,896,
1733818500,2024-12-10T03:15:00-05:00,2024-12-10T00:15:05-08:00,1733818505000,897,
1733819400,2024-12-10T03:30:00-05:00,2024-12-10T00:30:05-08:00,1733819405000,898,
1733820300,2024-12-10T03:45:00-05:00,2024-12-10T00:45:05-08:00,1733820305000,899,
1733821200,2024-12-10T04:00:00-05:00,2024-12-10T01:00:05-08:00,1733821205000,900,checkpoint
1733822100,2024-12-10T04:15:00-05:00,2024-12-10T01:15:05-08:00,1733822105000,901,
1733823000,2024-12-10T04:30:00-05:00,2024-12-10T01:30:05-08:00,1733823005000,902,
1733823900,2024-12-10T04:45:00-05:00,2024-12-10T01:45:05-08:00,1733823905000,903,
1733824800,2024-12-10T05:00:00-05:00,2024-12-10T02:00:05-08:00,1733824805000,904,
1733825700,2024-12-10T05:15:00-05:00,2024-12-10T02:15:05-08:00,1733825705000,905,
1733826600,2024-12-10T05:30:00-05:00,2024-12-10T02:30:05-08:00,1733826605000,906,
1733827500,2024-12-10T05:45:00-05:00,2024-12-10T02:45:05-08:00,1733827505000,907,
1733828400,2024-12-10T06:00:00-05:00,2024-12-10T03:00:05-08:00,1733828405000,908,
1733829300,2024-12-10T06:15:00-05:00,2024-12-10T03:15:05-08:00,1733829305000,909,
1733830200,2024-12-10T06:30:00-05:00,2024-12-10T03:30:05-08:00,1733830205000,910,
1733831100,2024-12-10T06:45:00-05:00,2024-12-10T03:45:05-08:00,1733831105000,911,
1733832000,2024-12-10T07:00:00-05:00,2024-12-10T04:00:05-08:00,1733832005000,912,
1733832900,2024-12-10T07:15:00-05:00,2024-12-10T04:15:05-08:00,1733832905000,913,
1733833800,2024-12-10T07:30:00-05:00,2024-12-10T04:30:05-08:00,1733833805000,914,
1733834700,2024-12-10T07:45:00-05:00,2024-12-10T04:45:05-08:00,1733834705000,915,
1733835600,2024-12-10T08:00:00-05:00,2024-12-10T05:00:05-08:00,1733835605000,916,
1733836500,2024-12-10T08:15:00-05:00,2024-12-10T05:15:05-08:00,1733836505000,917,
1733837400,2024-12-10T08:30:00-05:00,2024-12-10T05:30:05-08:00,1733837405000,918,
1733838300,2024-12-10T08:45:00-05:00,2024-12-10T05:45:05-08:00,1733838305000,919,
1733839200,2024-12-10T09:00:00-05:00,2024-12-10T06:00:05-08:00,1733839205000,920,
1733840100,2024-12-10T09:15:00-05:00,2024-12-10T06:15:05-08:00,1733840105000,921,
1733841000,2024-12-10T09:30:00-05:00,2024-12-10T06:30:05-08:00,1733841005000,922,
1733841900,2024-12-10T09:45:00-05:00,2024-12-10T06:45:05-08:00,1733841905000,923,
1733842800,2024-12-10T10:00:00-05:00,2024-12-10T07:00:05-08:00,1733842805000,924,
1733843700,2024-12-10T10:15:00-05:00,2024-12-10T07:15:05-08:00,1733843705000,925,
1733844600,2024-12-10T10:30:00-05:00,2024-12-10T07:30:05-08:00,1733844605000,926,
1733845500,2024-12-10T10:45:00-05:00,2024-12-10T07:45:05-08:00,1733845505000,927,
1733846400,2024-12-10T11:00:00-05:00,2024-12-10T08:00:05-08:00,1733846405000,928,
1733847300,2024-12-10T11:15:00-05:00,2024-12-10T08:15:05-08:00,1733847305000,929,
1733848200,2024-12-10T11:30:00-05:00,2024-12-10T08:30:05-08:00,1733848205000,930,
1733849100,2024-12-10T11:45:00-05:00,2024-12-10T08:45:05-08:00,1733849105000,931,
1733850000,2024-12-10T12:00:00-05:00,2024-12-10T09:00:05-08:00,1733850005000,932,
1733850900,2024-12-10T12:15:00-05:00,2024-12-10T09:15:05-08:00,1733850905000,933,
1733851800,2024-12-10T12:30:00-05:00,2024-12-10T09:30:05-08:00,1733851805000,934,
1733852700,2024-12-10T12:45:00-05:00,2024-12-10T09:45:05-08:00,1733852705000,935,
1733853600,2024-12-10T13:00:00-05:00,2024-12-10T10:00:05-08:00,1733853605000,936,
1733854500,2024-12-10T13:15:00-05:00,2024-12-10T10:15:05-08:00,1733854505000,937,
1733855400,2024-12-10T13:30:00-05:00,2024-12-10T10:30:05-08:00,1733855405000,938,
1733856300,2024-12-10T13:45:00-05:00,2024-12-10T10:45:05-08:00,1733856305000,939,
1733857200,2024-12-10T14:00:00-05:00,2024-12-10T11:00:05-08:00,1733857205000,940,
1733858100,2024-12-10T14:15:00-05:00,2024-12-10T11:15:05-08:00,1733858105000,941,
1733859000,2024-12-10T14:30:00-05:00,2024-12-10T11:30:05-08:00,1733859005000,942,
1733859900,2024-12-10T14:45:00-05:00,2024-12-10T11:45:05-08:00,1733859905000,943,
1733860800,2024-12-10T15:00:00-05:00,2024-12-10T12:00:05-08:00,1733860805000,944,
1733861700,2024-12-10T15:15:00-05:00,2024-12-10T12:15:05-08:00,1733861705000,945,
1733862600,2024-12-10T15:30:00-05:00,2024-12-10T12:30:05-08:00,1733862605000,946,
1733863500,2024-12-10T15:45:00-05:00,2024-12-10T12:45:05-08:00,1733863505000,947,
1733864400,2024-12-10T16:00:00-05:00,2024-12-10T13:00:05-08:00,1733864405000,948,
1733865300,2024-12-10T16:15:00-05:00,2024-12-10T13:15:05-08:00,1733865305000,949,
1733866200,2024-12-10T16:30:00-05:00,2024-12-10T13:30:05-08:00,1733866205000,950,
1733867100,2024-12-10T16:45:00-05:00,2024-12-10T13:45:05-08:00,1733867105000,951,
1733868000,2024-12-10T17:00:00-05:00,2024-12-10T14:00:05-08:00,1733868005000,952,
1733868900,2024-12-10T17:15:00-05:00,2024-12-10T14:15:05-08:00,1733868905000,953,
1733869800,2024-12-10T17:30:00-05:00,2024-12-10T14:30:05-08:00,1733869805000,954,
1733870700,2024-12-10T17:45:00-05:00,2024-12-10T14:45:05-08:00,1733870705000,955,
1733871600,2024-12-10T18:00:00-05:00,2024-12-10T15:00:05-08:00,1733871605000,956,
1733872500,2024-12-10T18:15:00-05:00,2024-12-10T15:15:05-08:00,1733872505000,957,
1733873400,2024-12-10T18:30:00-05:00,2024-12-10T15:30:05-08:00,1733873405000,958,
1733874300,2024-12-10T18:45:00-05:00,2024-12-10T15:45:05-08:00,1733874305000,959,
1733875200,2024-12-10T19:00:00-05:00,2024-12-10T16:00:05-08:00,1733875205000,960,
1733876100,2024-12-10T19:15:00-05:00,2024-12-10T16:15:05-08:00,1733876105000,961,
1733877000,2024-12-10T19:30:00-05:00,2024-12-10T16:30:05-08:00,1733877005000,962,
1733877900,2024-12-10T19:45:00-05:00,2024-12-10T16:45:05-08:00,1733877905000,963,
1733878800,2024-12-10T20:00:00-05:00,2024-12-10T17:00:05-08:00,1733878805000,964,
1733879700,2024-12-10T20:15:00-05:00,2024-12-10T17:15:05-08:00,1733879705000,965,
1733880600,2024-12-10T20:30:00-05:00,2024-12-10T17:30:05-08:00,1733880605000,966,
1733881500,2024-12-10T20:45:00-05:00,2024-12-10T17:45:05-08:00,1733881505000,967,
1733882400,2024-12-10T21:00:00-05:00,2024-12-10T18:00:05-08:00,1733882405000,968,
1733883300,2024-12-10T21:15:00-05:00,2024-12-10T18:15:05-08:00,1733883305000,969,
1733884200,2024-12-10T21:30:00-05:00,2024-12-10T18:30:05-08:00,1733884205000,970,
1733885100,2024-12-10T21:45:00-05:00,2024-12-10T18:45:05-08:00,1733885105000,971,
1733886000,2024-12-10T22:00:00-05:00,2024-12-10T19:00:05-08:00,1733886005000,972,
1733886900,2024-12-10T22:15:00-05:00,2024-12-10T19:15:05-08:00,1733886905000,973,
1733887800,2024-12-10T22:30:00-05:00,2024-12-10T19:30:05-08:00,1733887805000,974,
1733888700,2024-12-10T22:45:00-05:00,2024-12-10T19:45:05-08:00,1733888705000,975,
1733889600,2024-12-10T23:00:00-05:00,2024-12-10T20:00:05-08:00,1733889605000,976,
1733890500,2024-12-10T23:15:00-05:00,2024-12-10T20:15:05-08:00,1733890505000,977,
1733891400,2024-12-10T23:30:00-05:00,2024-12-10T20:30:05-08:00,1733891405000,978,
1733892300,2024-12-10T23:45:00-05:00,2024-12-10T20:45:05-08:00,1733892305000,979,
1733893200,2024-12-11T00:00:00-05:00,2024-12-10T21:00:05-08:00,1733893205000,980,
1733894100,2024-12-11T00:15:00-05:00,2024-12-10T21:15:05-08:00,1733894105000,981,
1733895000,2024-12-11T00:30:00-05:00,2024-12-10T21:30:05-08:00,1733895005000,982,
1733895900,2024-12-11T00:45:00-05:00,2024-12-10T21:45:05-08:00,1733895905000,983,
,,,,984,
1733897700,2024-12-11T01:15:00-05:00,2024-12-10T22:15:05-08:00,1733897705000,985,
1733898600,2024-12-11T01:30:00-05:00,2024-12-10T22:30:05-08:00,1733898605000,986,
1733899500,2024-12-11T01:45:00-05:00,2024-12-10T22:45:05-08:00,1733899505000,987,
1733900400,2024-12-11T02:00:00-05:00,2024-12-10T23:00:05-08:00,1733900405000,988,
1733901300,2024-12-11T02:15:00-05:00,2024-12-10T23:15:05-08:00,1733901305000,989,
1733902200,2024-12-11T02:30:00-05:00,2024-12-10T23:30:05-08:00,1733902205000,990,
1733903100,2024-12-11T02:45:00-05:00,2024-12-10T23:45:05-08:00,1733903105000,991,
1733904000,2024-12-11T03:00:00-05:00,2024-12-11T00:00:05-08:00,1733904005000,992,
1733904900,2024-12-11T03:15:00-05:00,2024-12-11T00:15:05-08:00,1733904905000,993,
1733905800,2024-12-11T03:30:00-05:00,2024-12-11T00:30:05-08:00,1733905805000,994,
1733906700,2024-12-11T03:45:00-05:00,2024-12-11T00:45:05-08:00,1733906705000,995,
1733907600,2024-12-11T04:00:00-05:00,2024-12-11T01:00:05-08:00,1733907605000,996,
1733908500,2024-12-11T04:15:00-05:00,2024-12-11T01:15:05-08:00,1733908505000,997,
1733909400,2024-12-11T04:30:00-05:00,2024-12-11T01:30:05-08:00,1733909405000,998,
1733910300,2024-12-11T04:45:00-05:00,2024-12-11T01:45:05-08:00,1733910305000,999,
